a12176,王凤兰
a12177,胡凯
a12178,黄娜
a12179,李桂芝
a12180,王杨
a12181,刘丽华
a12182,王晨
a12183,邢亮
a12184,郑坤
a12185,吴丽丽
a12186,田丽丽
a12187,罗丹丹
a12188,王建
a12189,张桂花
a12190,张红
a12191,王玉英
a12192,路桂香
a12193,刘小红
a12194,段璐
a12195,刘琴
a12196,赵磊
a12197,张桂英
a12198,段龙
a12199,王婷
a12200,张荣
a12201,路玉英
a12202,赵坤
a12203,邵红梅
a12204,商颖
a12205,严瑜
a12206,侯桂芳
a12207,王明
a12208,李璐
a12209,徐志强
a12210,陈欢
a12211,王旭
a12212,陈磊
a12213,陈娜
a12214,陈萍
a12215,王旭
a12216,杨玉
a12217,朱丽
a12218,李冬梅
a12219,邓桂芳
a12220,刘娟
a12221,刘洋
a12222,马萍
a12223,孙柳
a12224,夏秀云
a12225,石俊
a12226,娄佳
a12227,王梅
a12228,毕璐
a12229,王淑英
a12230,姜秀荣
a12231,陈利
a12232,张洁
a12233,张丽丽
a12234,田秀英
a12235,武桂芳
a12236,袁雪梅
a12237,游桂兰
a12238,白霞
a12239,吴静
a12240,乔超
a12241,黄华
a12242,马瑜
a12243,陈帆
a12244,张波
a12245,郭莹
a12246,王桂英
a12247,段慧
a12248,王小红
a12249,张帆
a12250,赵勇
a12251,陈艳
a12252,唐莉
a12253,李丽丽
a12254,应琳
a12255,叶斌
a12256,韦莉
a12257,李丽娟
a12258,王杨
a12259,李淑华
a12260,贾玉珍
a12261,陈辉
a12262,蒋杰
a12263,刘莹
a12264,袁慧
a12265,何东
a12266,李鹏
a12267,李颖
a12268,宋勇
a12269,郭丽丽
a12270,郑玲
a12271,王斌
a12272,庄洁
a12273,王龙
a12274,彭鑫
a12275,黄雷
a12276,邱瑜
a12277,沈平
a12278,徐畅
a12279,黄平
a12280,蔡璐
a12281,周平
a12282,刘荣
a12283,罗刚
a12284,刘鑫
a12285,赵丽丽
a12286,寇磊
a12287,潘鹏
a12288,任军
a12289,姚秀珍
a12290,李娟
a12291,叶亮
a12292,纪秀英
a12293,陈桂芝
a12294,萧畅
a12295,周晶
a12296,胡婷
a12297,杨桂英
a12298,史坤
a12299,冯洋
a12300,丁冬梅
a12301,王雷
a12302,邓斌
a12303,吴红霞
a12304,郝建国
a12305,周平
a12306,刘桂芳
a12307,宋旭
a12308,孟桂荣
a12309,钟萍
a12310,周波
a12311,李桂花
a12312,赫丽华
a12313,董平
a12314,萧桂香
a12315,董建国
a12316,胡玲
a12317,邱瑜
a12318,瞿帅
a12319,刘红梅
a12320,陈建军
a12321,韦萍
a12322,王帆
a12323,李鑫
a12324,王萍
a12325,张杨
a12326,黄琳
a12327,刘坤
a12328,苟宇
a12329,赵秀华
a12330,董平
a12331,何红
a12332,梁秀珍
a12333,赵红梅
a12334,潘桂芝
a12335,丁兵
a12336,周莉
a12337,黄凤兰
a12338,梁桂兰
a12339,张玉华
a12340,张坤
a12341,赵淑英
a12342,廖莹
a12343,杨伟
a12344,管明
a12345,刘红霞
a12346,张桂花
a12347,杨玉兰
a12348,曹岩
a12349,杨宇
a12350,苏敏
a12351,高芳
a12352,张璐
a12353,石娜
a12354,冉鑫
a12355,叶淑华
a12356,姚凤兰
a12357,韩倩
a12358,杨丹丹
a12359,汪军
a12360,张桂英
a12361,韩超
a12362,彭海燕
a12363,邢阳
a12364,骆洁
a12365,张凯
a12366,王桂荣
a12367,赵云
a12368,厉兵
a12369,郑玉英
a12370,王英
a12371,张欣
a12372,颜秀云
a12373,张芳
a12374,王伟
a12375,曾红霞
a12376,张丽华
a12377,吴艳
a12378,赵琴
a12379,李健
a12380,罗桂兰
a12381,崔军
a12382,梁志强
a12383,江晶
a12384,赵璐
a12385,王桂珍
a12386,陈旭
a12387,吴秀兰
a12388,范欢
a12389,李丽
a12390,许淑华
a12391,武林
a12392,李龙
a12393,李玉兰
a12394,武波
a12395,赵桂芳
a12396,祝秀华
a12397,田瑞
a12398,张利
a12399,潘琴
a12400,王琴
a12401,韦晨
a12402,黄岩
a12403,刘杨
a12404,盛艳
a12405,高静
a12406,杨冬梅
a12407,邹秀云
a12408,宋秀英
a12409,仝璐
a12410,赵琳
a12411,罗秀兰
a12412,鞠凤英
a12413,郎淑华
a12414,杜玉梅
a12415,卢霞
a12416,吴波
a12417,刘海燕
a12418,方阳
a12419,杨建华
a12420,李倩
a12421,吕佳
a12422,赵洁
a12423,邵颖
a12424,廖丽娟
a12425,杨桂芝
a12426,王芳
a12427,曾丽娟
a12428,王明
a12429,李亮
a12430,阿林
a12431,何辉
a12432,张宁
a12433,敖秀荣
a12434,李慧
a12435,唐磊
a12436,冯欣
a12437,刘超
a12438,蔡桂荣
a12439,程杨
a12440,贺雷
a12441,蔡秀芳
a12442,司玉
a12443,陈静
a12444,詹勇
a12445,黄兵
a12446,赵欢
a12447,胡峰
a12448,黄楠
a12449,黄鑫
a12450,江冬梅
a12451,钟婷婷
a12452,张明
a12453,廖丽娟
a12454,杨红
a12455,郑建军
a12456,冯旭
a12457,何桂芝
a12458,赫玉华
a12459,赵玉兰
a12460,李阳
a12461,石杰
a12462,郭秀珍
a12463,范桂芳
a12464,汪玉华
a12465,李成
a12466,郭俊
a12467,傅云
a12468,罗林
a12469,邢红霞
a12470,麻婷
a12471,劳成
a12472,郑玉兰
a12473,宋超
a12474,潘娜
a12475,陈帅
a12476,谢秀梅
a12477,张云
a12478,王丽
a12479,贾丽娟
a12480,曾志强
a12481,毛芳
a12482,龚鹏
a12483,李娜
a12484,黄梅
a12485,程健
a12486,王凤兰
a12487,刘秀英
a12488,王淑华
a12489,王晶
a12490,金建军
a12491,郭荣
a12492,蒋峰
a12493,张桂芝
a12494,王军
a12495,丁桂珍
a12496,张桂珍
a12497,莫雪梅
a12498,郑红
a12499,廖东
a12500,袁春梅
a12501,王博
a12502,伍桂香
a12503,王兰英
a12504,卢金凤
a12505,唐颖
a12506,周玉梅
a12507,段玉
a12508,孙强
a12509,李桂芳
a12510,董秀芳
a12511,张伟
a12512,赵斌
a12513,刘娜
a12514,黄东
a12515,田桂芝
a12516,胡艳
a12517,魏红
a12518,何文
a12519,唐明
a12520,谭丽华
a12521,郭燕
a12522,朱莹
a12523,庞婷婷
a12524,何丽
a12525,戴淑珍
a12526,李飞
a12527,葛帆
a12528,胡建华
a12529,杨桂珍
a12530,黄雪梅
a12531,刘秀云
a12532,王桂芳
a12533,戴辉
a12534,郑璐
a12535,李秀华
a12536,杨凤英
a12537,裴芳
a12538,黄林
a12539,张洁
a12540,崔桂兰
a12541,戴畅
a12542,袁秀华
a12543,张浩
a12544,王海燕
a12545,乐红
a12546,王瑜
a12547,李志强
a12548,包丹丹
a12549,李兰英
a12550,王秀芳
a12551,李辉
a12552,金雪
a12553,任涛
a12554,苏桂香
a12555,程建平
a12556,刘莉
a12557,曾帆
a12558,常秀芳
a12559,张成
a12560,谈秀芳
a12561,金佳
a12562,王峰
a12563,徐辉
a12564,谢秀梅
a12565,何兵
a12566,廉洁
a12567,李荣
a12568,陈雪梅
a12569,刘浩
a12570,易彬
a12571,薛旭
a12572,林斌
a12573,孟岩
a12574,耿凤兰
a12575,王桂荣
a12576,黎杨
a12577,王秀兰
a12578,张桂珍
a12579,雷鑫
a12580,韦兵
a12581,翟红霞
a12582,郑洁
a12583,李红梅
a12584,陈红霞
a12585,倪志强
a12586,李超
a12587,李娜
a12588,王秀珍
a12589,刘静
a12590,崔婷
a12591,马斌
a12592,杜红梅
a12593,杨小红
a12594,苏云
a12595,潘建平
a12596,何玉梅
a12597,乔艳
a12598,丁红梅
a12599,王艳
a12600,马桂英
a12601,蔡伟
a12602,吴娟
a12603,邓帆
a12604,何莉
a12605,冯丽丽
a12606,李婷婷
a12607,钱瑜
a12608,钟兵
a12609,任慧
a12610,黄芳
a12611,唐瑞
a12612,袁阳
a12613,李兰英
a12614,王楠
a12615,陈金凤
a12616,甘欣
a12617,陈秀荣
a12618,王敏
a12619,李淑兰
a12620,张博
a12621,张凤英
a12622,王芳
a12623,李红梅
a12624,粟欢
a12625,范冬梅
a12626,梁秀梅
a12627,陶楠
a12628,王鹏
a12629,刘峰
a12630,孙建
a12631,娄志强
a12632,贺宇
a12633,杨磊
a12634,钱阳
a12635,方红
a12636,谢秀云
a12637,姜玉珍
a12638,翟丽华
a12639,王建国
a12640,席健
a12641,张桂荣
a12642,石小红
a12643,陈静
a12644,蒋洁
a12645,蔡冬梅
a12646,王岩
a12647,李勇
a12648,曾健
a12649,邹鑫
a12650,刘丹丹
a12651,陈文
a12652,吴淑华
a12653,李兵
a12654,武英
a12655,翁秀珍
a12656,冉柳
a12657,陈秀兰
a12658,张健
a12659,包军
a12660,陈凤英
a12661,牛冬梅
a12662,林梅
a12663,张桂芳
a12664,关桂英
a12665,陈玉兰
a12666,黄凯
a12667,龙霞
a12668,胡杨
a12669,石玉英
a12670,王小红
a12671,韩娜
a12672,江霞
a12673,赵玉
a12674,杨娟
a12675,曹婷
a12676,路伟
a12677,傅瑞
a12678,朱琴
a12679,刘芳
a12680,易凯
a12681,朱慧
a12682,施玉
a12683,张淑珍
a12684,侯凯
a12685,王丹
a12686,张静
a12687,蒲波
a12688,卢小红
a12689,宋磊
a12690,刘静
a12691,范志强
a12692,刘颖
a12693,邓凤兰
a12694,王坤
a12695,牛玉梅
a12696,杨敏
a12697,吴冬梅
a12698,王春梅
a12699,刘刚
a12700,郑秀芳
a12701,柳彬
a12702,常欣
a12703,惠建军
a12704,姜丽娟
a12705,汪建
a12706,井杰
a12707,彭秀华
a12708,俞秀珍
a12709,陈雪
a12710,朱金凤
a12711,劳俊
a12712,谢桂珍
a12713,张淑兰
a12714,张秀英
a12715,安建平
a12716,吴兰英
a12717,贾雪梅
a12718,刘淑英
a12719,杨颖
a12720,黄海燕
a12721,颜秀华
a12722,张玉珍
a12723,刘桂芳
a12724,孙浩
a12725,康春梅
a12726,刘娜
a12727,孙晨
a12728,吴荣
a12729,邱欢
a12730,刘波
a12731,丁冬梅
a12732,姜辉
a12733,颜柳
a12734,毛利
a12735,李玉英
a12736,莫瑞
a12737,赵婷婷
a12738,李红霞
a12739,刘佳
a12740,张建华
a12741,周明
a12742,孙玉梅
a12743,梁伟
a12744,李勇
a12745,胡楠
a12746,廖帅
a12747,余柳
a12748,陈桂芳
a12749,周秀荣
a12750,许亮
a12751,田小红
a12752,胡婷
a12753,林志强
a12754,卓秀英
a12755,许磊
a12756,王丽丽
a12757,高旭
a12758,冷强
a12759,周瑞
a12760,刘桂芳
a12761,王柳
a12762,田晨
a12763,韩建军
a12764,吴磊
a12765,倪英
a12766,张玲
a12767,杨海燕
a12768,张凯
a12769,王桂荣
a12770,黄帅
a12771,沈春梅
a12772,邢雷
a12773,冯淑英
a12774,陆建平
a12775,曹敏
a12776,杨想
a12777,赖刚
a12778,李晨
a12779,李兰英
a12780,李颖
a12781,毛阳
a12782,何柳
a12783,曾东
a12784,王超
a12785,王俊
a12786,刘旭
a12787,赵云
a12788,梁小红
a12789,张凯
a12790,纪婷
a12791,陈建国
a12792,周强
a12793,周坤
a12794,窦洋
a12795,杨帆
a12796,李伟
a12797,江秀芳
a12798,夏艳
a12799,杨玉梅
a12800,李鹏
a12801,王秀荣
a12802,涂伟
a12803,王岩
a12804,丁柳
a12805,蒋婷婷
a12806,罗桂荣
a12807,喻春梅
a12808,鲜婷婷
a12809,何琴
a12810,汤彬
a12811,谭淑珍
a12812,龙桂香
a12813,罗畅
a12814,罗丹丹
a12815,谷秀兰
a12816,杨欢
a12817,蔡建国
a12818,梁芳
a12819,武瑜
a12820,徐莉
a12821,董桂芳
a12822,武浩
a12823,朱萍
a12824,欧阳婷婷
a12825,李莉
a12826,朱建国
a12827,黄倩
a12828,侯春梅
a12829,陈娜
a12830,侯玉英
a12831,张云
a12832,龙凯
a12833,邓丹丹
a12834,李丽娟
a12835,孙峰
a12836,施秀华
a12837,宣玉英
a12838,顾玉华
a12839,孙英
a12840,兰桂香
a12841,郑桂珍
a12842,敬桂芳
a12843,赵强
a12844,郑丽娟
a12845,胡淑华
a12846,陈芳
a12847,王波
a12848,杨强
a12849,吴丽
a12850,汪霞
a12851,宋坤
a12852,任玉珍
a12853,李帆
a12854,刘玉
a12855,马桂芳
a12856,张坤
a12857,周桂兰
a12858,胡鹏
a12859,崔晶
a12860,夏东
a12861,胡秀珍
a12862,薛小红
a12863,李帅
a12864,赵旭
a12865,马佳
a12866,龙丹
a12867,王海燕
a12868,杨明
a12869,张博
a12870,李敏
a12871,王俊
a12872,惠桂香
a12873,赵秀英
a12874,赵婷婷
a12875,赵明
a12876,余金凤
a12877,史芳
a12878,刘秀英
a12879,王淑珍
a12880,赵莉
a12881,羊晨
a12882,任兰英
a12883,李荣
a12884,盛秀华
a12885,王凤兰
a12886,潘飞
a12887,卓丽
a12888,张秀梅
a12889,李帆
a12890,何龙
a12891,顾春梅
a12892,陈敏
a12893,程萍
a12894,夏伟
a12895,陈平
a12896,申桂珍
a12897,周平
a12898,沈秀珍
a12899,张玉华
a12900,苏秀华
a12901,何桂荣
a12902,高海燕
a12903,蒋玉兰
a12904,吴璐
a12905,易桂珍
a12906,周桂芳
a12907,李琴
a12908,储丽丽
a12909,王涛
a12910,梅洋
a12911,张冬梅
a12912,许刚
a12913,罗浩
a12914,王宇
a12915,龚金凤
a12916,张坤
a12917,杨畅
a12918,张峰
a12919,李志强
a12920,刘琳
a12921,王娜
a12922,李慧
a12923,申璐
a12924,黄燕
a12925,陈成
a12926,莫峰
a12927,冉秀云
a12928,赵东
a12929,白淑英
a12930,罗欣
a12931,罗晨
a12932,侯宁
a12933,林荣
a12934,叶琳
a12935,顾雪梅
a12936,韩娟
a12937,薛慧
a12938,邢璐
a12939,陈丽华
a12940,韦兰英
a12941,傅淑兰
a12942,杨宇
a12943,张建军
a12944,简勇
a12945,郑瑜
a12946,刘桂芝
a12947,梁璐
a12948,李华
a12949,朱阳
a12950,萧成
a12951,吴磊
a12952,刘坤
a12953,周娜
a12954,张婷婷
a12955,贾宁
a12956,杜凤兰
a12957,缪浩
a12958,崔玉兰
a12959,何丽丽
a12960,殷玉华
a12961,杨晶
a12962,袁辉
a12963,刘玉梅
a12964,蓝成
a12965,徐晶
a12966,陈春梅
a12967,司秀芳
a12968,罗斌
a12969,陈峰
a12970,陈雪
a12971,印建国
a12972,李彬
a12973,何浩
a12974,冯凯
a12975,蔡波
a12976,吴建平
a12977,徐鑫
a12978,李秀云
a12979,李凤英
a12980,全艳
a12981,张成
a12982,黄冬梅
a12983,魏刚
a12984,王桂花
a12985,王辉
a12986,何超
a12987,蔡雪
a12988,庄凯
a12989,叶淑华
a12990,王成
a12991,赵东
a12992,许东
a12993,盛杰
a12994,马浩
a12995,孙军
a12996,成春梅
a12997,张丽丽
a12998,丁俊
a12999,魏波
a13000,陈彬
a13001,曾丹
a13002,傅雪梅
a13003,张建军
a13004,徐秀梅
a13005,刘芳
a13006,尤秀芳
a13007,陈颖
a13008,刘秀华
a13009,周莉
a13010,李建
a13011,丁婷婷
a13012,张军
a13013,蒲刚
a13014,赵宁
a13015,丁利
a13016,余秀珍
a13017,黄利
a13018,苏淑珍
a13019,曹莉
a13020,胡华
a13021,李婷
a13022,曹柳
a13023,杨娜
a13024,徐桂花
a13025,黄欣
a13026,赵莉
a13027,宋明
a13028,谷玲
a13029,孙柳
a13030,杨文
a13031,孙志强
a13032,陈桂兰
a13033,朱荣
a13034,刘志强
a13035,乔杨
a13036,李红霞
a13037,吴欢
a13038,乔丽
a13039,张帅
a13040,田云
a13041,李志强
a13042,李佳
a13043,孙淑珍
a13044,王磊
a13045,程龙
a13046,夏成
a13047,乔军
a13048,李娟
a13049,孙建
a13050,吴璐
a13051,冯颖
a13052,王帆
a13053,路淑华
a13054,阿璐
a13055,汪璐
a13056,陈莉
a13057,董丽丽
a13058,赵浩
a13059,杨艳
a13060,贾岩
a13061,谢畅
a13062,李小红
a13063,杨健
a13064,刘秀芳
a13065,郑文
a13066,王林
a13067,丁燕
a13068,郑晶
a13069,王秀英
a13070,谭丹丹
a13071,王晶
a13072,彭利
a13073,陆岩
a13074,曾伟
a13075,贾强
a13076,周利
a13077,胡健
a13078,王玲
a13079,殷淑兰
a13080,李强
a13081,刘鹏
a13082,徐桂芝
a13083,周琳
a13084,陈宁
a13085,王龙
a13086,单海燕
a13087,苗雪梅
a13088,谭红
a13089,张文
a13090,韩秀华
a13091,夏建平
a13092,向斌
a13093,王淑兰
a13094,张荣
a13095,高丹丹
a13096,史秀珍
a13097,张桂兰
a13098,呼峰
a13099,张想
a13100,成莉
a13101,卢丽娟
a13102,刘健
a13103,刘成
a13104,刘丽
a13105,孟玉梅
a13106,郁鹏
a13107,谢桂荣
a13108,莫琳
a13109,杨荣
a13110,邵刚
a13111,吴晶
a13112,钟婷
a13113,韩慧
a13114,申霞
a13115,王琴
a13116,孟芳
a13117,范建平
a13118,唐波
a13119,高娟
a13120,曾凤兰
a13121,刘娜
a13122,黄秀芳
a13123,张艳
a13124,田玉
a13125,蔡芳
a13126,钱桂珍
a13127,鞠波
a13128,董晶
a13129,周淑英
a13130,张飞
a13131,刘彬
a13132,雷岩
a13133,胡娜
a13134,蒙淑英
a13135,姜杰
a13136,贺丹
a13137,黄秀兰
a13138,杨凯
a13139,李秀荣
a13140,陆宇
a13141,虞秀芳
a13142,张琴
a13143,丁杰
a13144,田秀英
a13145,龙莉
a13146,蓝金凤
a13147,蒲明
a13148,周兵
a13149,周楠
a13150,丁春梅
a13151,吴秀兰
a13152,陈波
a13153,李玉华
a13154,周瑞
a13155,周斌
a13156,姚丽
a13157,许玉兰
a13158,虞丹
a13159,阎洋
a13160,李红梅
a13161,林成
a13162,汤博
a13163,靳红梅
a13164,欧凤英
a13165,杨志强
a13166,曾超
a13167,林桂荣
a13168,熊欣
a13169,范阳
a13170,李淑英
a13171,王宇
a13172,刘佳
a13173,杨林
a13174,谢鑫
a13175,祝秀华
a13176,刘小红
a13177,韩琳
a13178,芦玉华
a13179,李玲
a13180,马桂芝
a13181,张淑兰
a13182,冯秀荣
a13183,张敏
a13184,杨辉
a13185,王红霞
a13186,宋明
a13187,徐桂芳
a13188,王坤
a13189,陈帅
a13190,程成
a13191,蒙玉梅
a13192,李敏
a13193,廖龙
a13194,李丽
a13195,杨桂芳
a13196,许欣
a13197,丛颖
a13198,孙峰
a13199,李秀芳
a13200,谭婷
a13201,黄柳
a13202,钟红
a13203,朱晨
a13204,刘莉
a13205,雷秀英
a13206,刘桂芳
a13207,蒋雪
a13208,张慧
a13209,邱刚
a13210,谢慧
a13211,修金凤
a13212,张建
a13213,谭桂珍
a13214,牛秀珍
a13215,周兰英
a13216,解凤兰
a13217,何静
a13218,魏帅
a13219,傅红霞
a13220,唐淑华
a13221,叶红梅
a13222,吴秀珍
a13223,李艳
a13224,周桂荣
a13225,徐斌
a13226,乔秀云
a13227,林红梅
a13228,徐兵
a13229,衣玉英
a13230,陈桂英
a13231,谭涛
a13232,周杨
a13233,黄龙
a13234,冯林
a13235,陈宇
a13236,刘秀珍
a13237,田畅
a13238,李桂珍
a13239,邹波
a13240,束强
a13241,鞠桂珍
a13242,李帆
a13243,高健
a13244,裴鑫
a13245,张慧
a13246,赵桂芝
a13247,周建
a13248,李海燕
a13249,董梅
a13250,张璐
a13251,黎成
a13252,李旭
a13253,杨兵
a13254,丁博
a13255,甄秀荣
a13256,吴燕
a13257,李瑞
a13258,陶俊
a13259,李明
a13260,郭刚
a13261,李娟
a13262,樊冬梅
a13263,刘璐
a13264,雷丽娟
a13265,赵旭
a13266,罗婷婷
a13267,陈桂兰
a13268,梁婷
a13269,何凯
a13270,刘晨
a13271,滕斌
a13272,韩龙
a13273,罗婷
a13274,林岩
a13275,陶楠
a13276,张瑞
a13277,谢萍
a13278,王帆
a13279,孟红
a13280,陈丽华
a13281,陈萍
a13282,姜丹丹
a13283,孙燕
a13284,梁春梅
a13285,王博
a13286,刘秀华
a13287,左明
a13288,黄洋
a13289,毕佳
a13290,彭洁
a13291,彭佳
a13292,孙洋
a13293,陶想
a13294,李淑兰
a13295,文桂香
a13296,罗桂兰
a13297,张涛
a13298,周桂花
a13299,武伟
a13300,艾桂花
a13301,王洋
a13302,李博
a13303,尹玉梅
a13304,李建
a13305,豆建平
a13306,侯淑兰
a13307,张欣
a13308,柴平
a13309,刘楠
a13310,陈超
a13311,孙淑珍
a13312,陈桂英
a13313,李强
a13314,胡建华
a13315,李红霞
a13316,郑杰
a13317,马成
a13318,荣建平
a13319,熊秀兰
a13320,彭畅
a13321,李凯
a13322,韩云
a13323,蓝建
a13324,左桂香
a13325,高璐
a13326,郝平
a13327,杨健
a13328,辛淑英
a13329,楚玉英
a13330,傅秀兰
a13331,高瑜
a13332,萧强
a13333,吴琳
a13334,黎秀梅
a13335,曹秀荣
a13336,辛雪梅
a13337,刘红
a13338,刘玉
a13339,王桂芳
a13340,谭涛
a13341,王淑珍
a13342,孙彬
a13343,周淑兰
a13344,郑利
a13345,刘峰
a13346,蔡玉英
a13347,秦英
a13348,邹宇
a13349,金颖
a13350,张超
a13351,李玉华
a13352,胡秀兰
a13353,侯桂香
a13354,杨斌
a13355,梁鹏
a13356,何鹏
a13357,蔡华
a13358,李琳
a13359,周杰
a13360,田雪梅
a13361,宋利
a13362,李凤兰
a13363,杨帅
a13364,林梅
a13365,赵琳
a13366,顾宇
a13367,宋云
a13368,李梅
a13369,刘平
a13370,石坤
a13371,黄桂英
a13372,何杨
a13373,张琴
a13374,田瑞
a13375,谢斌
a13376,程洁
a13377,姜洁
a13378,胡洁
a13379,张龙
a13380,夏丽丽
a13381,尹洋
a13382,宋秀英
a13383,罗想
a13384,姜坤
a13385,王鑫
a13386,戴玉兰
a13387,侯龙
a13388,江博
a13389,马洁
a13390,黄桂珍
a13391,陶淑兰
a13392,邵超
a13393,徐雪梅
a13394,程玉英
a13395,许磊
a13396,李利
a13397,黄淑珍
a13398,郑红霞
a13399,曹萍
a13400,苏慧
a13401,唐宇
a13402,吴小红
a13403,丁宇
a13404,温亮
a13405,李娟
a13406,周冬梅
a13407,程婷
a13408,陈玉英
a13409,张玉英
a13410,李佳
a13411,李建军
a13412,王雪
a13413,唐桂兰
a13414,王琴
a13415,杨云
a13416,杨淑珍
a13417,刘建军
a13418,孔勇
a13419,张丽华
a13420,宋静
a13421,李浩
a13422,郎莉
a13423,黄红梅
a13424,戴文
a13425,祁博
a13426,张想
a13427,李超
a13428,米波
a13429,陈娟
a13430,王小红
a13431,邢云
a13432,杨秀荣
a13433,杨明
a13434,林婷
a13435,张峰
a13436,曹成
a13437,卢浩
a13438,李帅
a13439,白洁
a13440,何莹
a13441,卜秀珍
a13442,曹瑞
a13443,刘建
a13444,郑玉英
a13445,周帆
a13446,黄桂花
a13447,黄秀荣
a13448,陈秀梅
a13449,刘坤
a13450,陈淑兰
a13451,张婷
a13452,张桂英
a13453,李文
a13454,张亮
a13455,俞洋
a13456,朱涛
a13457,沈晶
a13458,翟健
a13459,孙淑兰
a13460,薛兰英
a13461,姜丹丹
a13462,涂春梅
a13463,史晶
a13464,刘瑞
a13465,胡秀云
a13466,张晨
a13467,王平
a13468,余志强
a13469,孙晨
a13470,韩冬梅
a13471,戚博
a13472,赵颖
a13473,李阳
a13474,姜刚
a13475,孔秀云
a13476,吴婷婷
a13477,纪超
a13478,朱楠
a13479,张秀荣
a13480,韦兵
a13481,魏海燕
a13482,白小红
a13483,李峰
a13484,崔坤
a13485,崔莹
a13486,孙鹏
a13487,李莉
a13488,陶龙
a13489,唐琴
a13490,向芳
a13491,巫颖
a13492,周丽丽
a13493,曹洁
a13494,许建军
a13495,彭博
a13496,邹成
a13497,刘海燕
a13498,高玉珍
a13499,章柳
a13500,姚帅
a13501,傅玉
a13502,雷雷
a13503,秦磊
a13504,陈玉华
a13505,彭东
a13506,周静
a13507,韩坤
a13508,傅帆
a13509,叶成
a13510,白旭
a13511,余洁
a13512,和华
a13513,彭阳
a13514,李凤兰
a13515,赵霞
a13516,李岩
a13517,张杰
a13518,柯丹丹
a13519,石桂珍
a13520,黄勇
a13521,陈凤英
a13522,陈想
a13523,赵桂花
a13524,凌欣
a13525,凌明
a13526,黄斌
a13527,许峰
a13528,邓秀梅
a13529,郑斌
a13530,陆桂兰
a13531,胡玉梅
a13532,芦博
a13533,刘雪梅
a13534,唐鑫
a13535,叶欣
a13536,郭建
a13537,李杰
a13538,陆杨
a13539,徐欣
a13540,黎彬
a13541,陈颖
a13542,雷莹
a13543,缪刚
a13544,庞萍
a13545,方欢
a13546,许芳
a13547,颜琴
a13548,邱鹏
a13549,马娟
a13550,刘丽丽
a13551,程晶
a13552,陈文
a13553,崔琴
a13554,宋刚
a13555,戴静
a13556,王玉
a13557,程丽娟
a13558,王明
a13559,罗洋
a13560,戚艳
a13561,林丹
a13562,郑晶
a13563,杨芳
a13564,严桂荣
a13565,冯兵
a13566,傅艳
a13567,黄宇
a13568,杨桂芝
a13569,贺丽华
a13570,王晶
a13571,范建平
a13572,郑雪
a13573,赵玉兰
a13574,孟瑜
a13575,姚秀荣
a13576,温畅
a13577,金建平
a13578,李云
a13579,周东
a13580,苏红
a13581,吴冬梅
a13582,张婷
a13583,邢桂芳
a13584,涂春梅
a13585,张建平
a13586,郑金凤
a13587,高娜
a13588,杨强
a13589,李平
a13590,林桂芳
a13591,王秀云
a13592,孙玉珍
a13593,杨敏
a13594,连鹏
a13595,李丽华
a13596,陈林
a13597,邓超
a13598,李红梅
a13599,马静
a13600,杨楠
a13601,蒋莹
a13602,杨建平
a13603,李璐
a13604,李敏
a13605,李畅
a13606,周琳
a13607,鞠建国
a13608,赵颖
a13609,王文
a13610,杨秀华
a13611,李斌
a13612,黄红霞
a13613,李金凤
a13614,尹玉华
a13615,王云
a13616,刁秀珍
a13617,萧凤兰
a13618,王淑兰
a13619,任帆
a13620,史雪
a13621,王颖
a13622,张阳
a13623,许桂芝
a13624,刘敏
a13625,欧阳玉兰
a13626,张博
a13627,季兵
a13628,侯桂兰
a13629,林勇
a13630,熊桂花
a13631,张波
a13632,张丽娟
a13633,徐瑜
a13634,彭飞
a13635,郑婷
a13636,侯飞
a13637,杨丽丽
a13638,林建军
a13639,金春梅
a13640,方萍
a13641,陈慧
a13642,叶玲
a13643,周龙
a13644,陈丽丽
a13645,黄丽娟
a13646,周雪梅
a13647,黄雪
a13648,王想
a13649,郑彬
a13650,徐红
a13651,伍桂芝
a13652,姬佳
a13653,杜桂芝
a13654,杨玉梅
a13655,汤丽华
a13656,郑杨
a13657,詹桂芝
a13658,刘桂荣
a13659,王桂芝
a13660,曾凯
a13661,邝凤兰
a13662,袁玉兰
a13663,郑秀珍
a13664,王晨
a13665,胡成
a13666,殷玉珍
a13667,叶利
a13668,傅丹丹
a13669,王伟
a13670,金秀荣
a13671,李红梅
a13672,胡玉兰
a13673,宋宁
a13674,陈欣
a13675,李莹
a13676,邵军
a13677,陆璐
a13678,周杨
a13679,杨伟
a13680,邓利
a13681,王秀芳
a13682,卜秀珍
a13683,薛杰
a13684,赵瑜
a13685,侯楠
a13686,陈淑英
a13687,汤雷
a13688,邵华
a13689,郭倩
a13690,刘志强
a13691,白建国
a13692,刘荣
a13693,蔡丽娟
a13694,曹小红
a13695,曹梅
a13696,牛静
a13697,曾淑华
