c13984,李浩
c13985,杨芳
c13986,王玉兰
c13987,杨桂兰
c13988,杨宇
c13989,胡桂英
c13990,邵坤
c13991,栗雷
c13992,刘建平
c13993,阎莉
c13994,胡颖
c13995,李丽华
c13996,卢淑英
c13997,赖娜
c13998,王丽华
c13999,陈云
c14000,崔红
c14001,吴芳
c14002,陈建国
c14003,孙文
c14004,曹燕
c14005,刘红
c14006,王桂珍
c14007,许桂芝
c14008,任强
c14009,屈华
c14010,谢艳
c14011,钟静
c14012,丁玉梅
c14013,金凤兰
c14014,陶兵
c14015,王建
c14016,曲雷
c14017,张洋
c14018,张博
c14019,谢慧
c14020,丁桂荣
c14021,罗阳
c14022,熊秀云
c14023,吴帅
c14024,林秀梅
c14025,陈伟
c14026,王婷婷
c14027,单红
c14028,高艳
c14029,葛燕
c14030,王建华
c14031,周杰
c14032,刘勇
c14033,谢林
c14034,陈秀荣
c14035,柳晨
c14036,金秀兰
c14037,呼丽华
c14038,覃敏
c14039,张林
c14040,梁婷
c14041,许洁
c14042,周桂珍
c14043,李超
c14044,林建华
c14045,贺欣
c14046,权军
c14047,陈柳
c14048,戴军
c14049,张欢
c14050,孟俊
c14051,柯丽华
c14052,郭金凤
c14053,杜凯
c14054,周晨
c14055,郎燕
c14056,郑建华
c14057,冯浩
c14058,王小红
c14059,韩云
c14060,傅云
c14061,郑秀云
c14062,吴雪梅
c14063,乐洋
c14064,高娜
c14065,钱淑英
c14066,张超
c14067,严欣
c14068,许玉珍
c14069,李鑫
c14070,龙东
c14071,张佳
c14072,马柳
c14073,陈博
c14074,罗桂香
c14075,丁梅
c14076,宋桂芳
c14077,陆秀梅
c14078,王建军
c14079,郭丽丽
c14080,袁柳
c14081,黎建平
c14082,金鹏
c14083,连静
c14084,吴淑珍
c14085,张琴
c14086,何勇
c14087,马莹
c14088,滕鹏
c14089,左晶
c14090,潘超
c14091,吴玲
c14092,谢芳
c14093,敖瑞
c14094,张桂香
c14095,杜丽丽
c14096,孙凤兰
c14097,时玉兰
c14098,杨桂兰
c14099,冯莉
c14100,张秀珍
c14101,刘畅
c14102,陆洋
c14103,项超
c14104,刘静
c14105,古桂芳
c14106,韩华
c14107,焦龙
c14108,李玉兰
c14109,古玉兰
c14110,袁燕
c14111,尹明
c14112,李晶
c14113,郑浩
c14114,杜秀云
c14115,黄秀兰
c14116,薛鹏
c14117,向晶
c14118,康宇
c14119,项雷
c14120,刘柳
c14121,葛宁
c14122,刘婷
c14123,郑欢
c14124,董鑫
c14125,林海燕
c14126,王慧
c14127,邓强
c14128,詹建华
c14129,李畅
c14130,刘云
c14131,陈兵
c14132,萧倩
c14133,祝芳
c14134,虞小红
c14135,王淑兰
c14136,吴晶
c14137,马丽丽
c14138,唐明
c14139,赵莹
c14140,曹建
c14141,张刚
c14142,邹刚
c14143,王娟
c14144,程秀云
c14145,陈飞
c14146,程丽丽
c14147,郭建华
c14148,惠欣
c14149,王淑兰
c14150,黄旭
c14151,张颖
c14152,邹瑞
c14153,谢兵
c14154,王文
c14155,张辉
c14156,高丽华
c14157,卞洋
c14158,吴红
c14159,张欢
c14160,张柳
c14161,邓梅
c14162,赵欢
c14163,杨莉
c14164,柯斌
c14165,方颖
c14166,姚想
c14167,梁莉
c14168,周桂珍
c14169,靳玲
c14170,王静
c14171,汤慧
c14172,杨丹丹
c14173,黄艳
c14174,唐柳
c14175,万霞
c14176,周雷
c14177,吴成
c14178,李秀英
c14179,林荣
c14180,张玉珍
c14181,杨彬
c14182,高桂兰
c14183,韩林
c14184,黄博
c14185,夏晨
c14186,杨建军
c14187,薛宁
c14188,曾娜
c14189,崔玉珍
c14190,杨杨
c14191,秦利
c14192,曹秀芳
c14193,孙博
c14194,李旭
c14195,张勇
c14196,张淑华
c14197,杨欢
c14198,钱亮
c14199,王秀云
c14200,宋晶
c14201,钟坤
c14202,王荣
c14203,李秀芳
c14204,王金凤
c14205,李勇
c14206,王丹丹
c14207,吕超
c14208,谢玉梅
c14209,王燕
c14210,钱建平
c14211,罗秀兰
c14212,冯志强
c14213,王俊
c14214,杨秀云
c14215,张丽娟
c14216,宋艳
c14217,李明
c14218,钟建
c14219,陈建军
c14220,方燕
c14221,张萍
c14222,王雷
c14223,骆强
c14224,曾霞
c14225,李海燕
c14226,林莉
c14227,董强
c14228,范红霞
c14229,雷晨
c14230,应秀华
c14231,蔡婷
c14232,杨浩
c14233,周红
c14234,曹秀荣
c14235,彭淑华
c14236,陈明
c14237,吴玉华
c14238,张博
c14239,魏想
c14240,王佳
c14241,葛岩
c14242,马淑英
c14243,杨小红
c14244,刘淑兰
c14245,崔桂花
c14246,李颖
c14247,王莹
c14248,樊雷
c14249,殷桂荣
c14250,何玉
c14251,张超
c14252,章峰
c14253,张丹
c14254,金亮
c14255,漆军
c14256,杨琳
c14257,余建
c14258,刘欢
c14259,邱文
c14260,蒲娜
c14261,姚飞
c14262,刘晶
c14263,黄瑜
c14264,胡凤英
c14265,钟平
c14266,聂秀英
c14267,刘宁
c14268,李丹
c14269,张淑英
c14270,刘军
c14271,何斌
c14272,潘磊
c14273,江亮
c14274,刘桂兰
c14275,李秀英
c14276,乔瑞
c14277,马红霞
c14278,朱明
c14279,陈丽华
c14280,马雪梅
c14281,向想
c14282,杨博
c14283,王楠
c14284,王艳
c14285,郝晶
c14286,黄鹏
c14287,荆林
c14288,叶杰
c14289,刘斌
c14290,花帅
c14291,石鑫
c14292,何华
c14293,朱兵
c14294,赵淑珍
c14295,刘成
c14296,范阳
c14297,范桂珍
c14298,刘明
c14299,郑浩
c14300,温秀云
c14301,吴红梅
c14302,高海燕
c14303,马雪梅
c14304,裴波
c14305,吴英
c14306,窦坤
c14307,宋丽华
c14308,陈阳
c14309,王凤兰
c14310,许宇
c14311,杨倩
c14312,王坤
c14313,丁志强
c14314,严梅
c14315,孔军
c14316,胡平
c14317,王丽丽
c14318,董玉梅
c14319,陈彬
c14320,余莹
c14321,安红霞
c14322,高刚
c14323,薛瑞
c14324,刘秀芳
c14325,殷瑞
c14326,王丽华
c14327,汪想
c14328,韦华
c14329,崔欢
c14330,胡颖
c14331,李亮
c14332,梁旭
c14333,韦凤兰
c14334,何红梅
c14335,陆萍
c14336,邱辉
c14337,王晨
c14338,韩海燕
c14339,慕海燕
c14340,洪秀兰
c14341,王雪梅
c14342,耿燕
c14343,余鑫
c14344,张瑞
c14345,涂晶
c14346,谢峰
c14347,朱淑英
c14348,王健
c14349,翟雪
c14350,傅金凤
c14351,徐桂珍
c14352,唐玉英
c14353,毛婷婷
c14354,宋红梅
c14355,李云
c14356,宋宁
c14357,陈瑞
c14358,黄玲
c14359,邹颖
c14360,王玉华
c14361,罗畅
c14362,宋佳
c14363,沈秀荣
c14364,吕红
c14365,赵雪梅
c14366,康畅
c14367,李玉珍
c14368,吴洋
c14369,杨秀云
c14370,阎兵
c14371,刘莹
c14372,陈兵
c14373,陈淑英
c14374,谢艳
c14375,王林
c14376,孙阳
c14377,苏春梅
c14378,何桂花
c14379,侯瑞
c14380,徐帅
c14381,王玉华
c14382,夏莉
c14383,冯明
c14384,萧欣
c14385,宋雷
c14386,杨凤兰
c14387,覃帅
c14388,黄军
c14389,贾萍
c14390,张志强
c14391,徐波
c14392,孙辉
c14393,夏宁
c14394,李欢
c14395,魏洁
c14396,董洋
c14397,朱萍
c14398,王梅
c14399,郑红
c14400,丁倩
c14401,李颖
c14402,解峰
c14403,程凤兰
c14404,邓秀荣
c14405,杨健
c14406,董兵
c14407,阎英
c14408,常琴
c14409,孙亮
c14410,王桂荣
c14411,刘凤兰
c14412,赵辉
c14413,马亮
c14414,余萍
c14415,李云
c14416,沈东
c14417,李丹
c14418,赵浩
c14419,徐秀芳
c14420,李秀梅
c14421,李婷婷
c14422,欧凤英
c14423,杨辉
c14424,严莹
c14425,曹秀梅
c14426,高岩
c14427,薛志强
c14428,杨浩
c14429,刘柳
c14430,丛秀云
c14431,杨岩
c14432,李丹
c14433,何雷
c14434,梁莉
c14435,张刚
c14436,刘志强
c14437,刘玉
c14438,韩春梅
c14439,周帅
c14440,崔彬
c14441,佟畅
c14442,罗斌
c14443,石林
c14444,王玉华
c14445,钟志强
c14446,许婷
c14447,黄辉
c14448,刘桂香
c14449,李健
c14450,赵建国
c14451,成荣
c14452,张云
c14453,梅静
c14454,刘雪
c14455,白秀芳
c14456,廖秀华
c14457,纪杨
c14458,陈勇
c14459,陈欣
c14460,唐瑜
c14461,柳红
c14462,王玉英
c14463,李敏
c14464,苏帆
c14465,刘军
c14466,刘旭
c14467,周丹丹
c14468,黄玉珍
c14469,高兰英
c14470,白琴
c14471,何杨
c14472,陈玲
c14473,张兵
c14474,黄秀芳
c14475,贾桂芝
c14476,李建军
c14477,陈柳
c14478,黄秀兰
c14479,舒娜
c14480,萧建国
c14481,张亮
c14482,黄芳
c14483,马华
c14484,张敏
c14485,卢飞
c14486,董勇
c14487,黄雷
c14488,许柳
c14489,姜林
c14490,张俊
c14491,李玉英
c14492,邬龙
c14493,杨玉英
c14494,杨桂芳
c14495,孙桂芳
c14496,刘东
c14497,盛帅
c14498,邓明
c14499,林莉
c14500,方帆
c14501,魏红
c14502,杨建国
c14503,张淑华
c14504,李娜
c14505,涂玲
c14506,刘秀梅
c14507,苏桂芝
c14508,余想
c14509,周鑫
c14510,张霞
c14511,江颖
c14512,郑利
c14513,杨亮
c14514,席楠
c14515,陶红霞
c14516,李丽丽
c14517,李淑华
c14518,房帆
c14519,韦冬梅
c14520,熊坤
c14521,胡华
c14522,马飞
c14523,王凯
c14524,刘芳
c14525,仝丽
c14526,杨欣
c14527,谢颖
c14528,姜建
c14529,王伟
c14530,傅利
c14531,翟磊
c14532,管璐
c14533,蔡莉
c14534,杨欢
c14535,萧桂英
c14536,周秀珍
c14537,张丽
c14538,刘玉
c14539,杜平
c14540,李丹
c14541,齐军
c14542,沈瑜
c14543,周荣
c14544,朱峰
c14545,张云
c14546,郭丽娟
c14547,涂丽
c14548,姜超
c14549,张敏
c14550,杨宇
c14551,朱海燕
c14552,彭红
c14553,张桂香
c14554,卢桂芳
c14555,李波
c14556,隋建平
c14557,杨桂花
c14558,刘亮
c14559,向丽丽
c14560,邹涛
c14561,丁浩
c14562,谢欣
c14563,宋瑜
c14564,李鹏
c14565,曹刚
c14566,吴萍
c14567,袁楠
c14568,鲁平
c14569,王莹
c14570,陶瑜
c14571,廖淑珍
c14572,丁超
c14573,张秀华
c14574,常玉兰
c14575,刘丹丹
c14576,李文
c14577,叶玲
c14578,逯杨
c14579,丁建
c14580,朱帅
c14581,李春梅
c14582,杨淑华
c14583,谢健
c14584,刘淑华
c14585,何秀华
c14586,廖丹丹
c14587,兰荣
c14588,张兰英
c14589,吴波
c14590,徐冬梅
c14591,房超
c14592,王玉珍
c14593,朱凯
c14594,郑楠
c14595,曾成
c14596,陈玉兰
c14597,吕艳
c14598,董浩
c14599,张秀华
c14600,刘玉兰
c14601,王建
c14602,李玉
c14603,黄琳
c14604,许玉
c14605,孙凤兰
c14606,李玉英
c14607,王龙
c14608,崔琳
c14609,段亮
c14610,袁丽丽
c14611,张超
c14612,乔梅
c14613,黄杰
c14614,赵雪梅
c14615,罗浩
c14616,王凤兰
c14617,孟霞
c14618,张秀芳
c14619,冉玉梅
c14620,齐春梅
c14621,沈丹
c14622,熊红霞
c14623,陈芳
c14624,唐波
c14625,刘雪
c14626,李淑兰
c14627,沈淑英
c14628,丁云
c14629,李凤兰
c14630,杨建
c14631,冼梅
c14632,陈勇
c14633,谭晨
c14634,庄建华
c14635,王莉
c14636,朱婷
c14637,钱瑜
c14638,赵婷婷
c14639,郭飞
c14640,陈桂兰
c14641,鲍英
c14642,吕楠
c14643,罗飞
c14644,崔静
c14645,王婷婷
c14646,吕淑兰
c14647,张云
c14648,孙桂兰
c14649,陈慧
c14650,杨淑华
c14651,黄海燕
c14652,詹莹
c14653,欧阳东
c14654,谭秀芳
c14655,朱辉
c14656,陈丽丽
c14657,莫秀珍
c14658,邹玉华
c14659,秦欢
c14660,廖秀云
c14661,曾秀兰
c14662,韦洋
c14663,赵萍
c14664,何亮
c14665,高秀兰
c14666,傅军
c14667,魏秀云
c14668,徐英
c14669,何凯
c14670,戚丽娟
c14671,商燕
c14672,张华
c14673,万华
c14674,刘超
c14675,王红霞
c14676,王刚
c14677,张燕
c14678,吴伟
c14679,孙云
c14680,杨红梅
c14681,刘凯
c14682,李玲
c14683,许畅
c14684,胡凤兰
c14685,赵超
c14686,杨秀梅
c14687,陈丹
c14688,戴芳
c14689,邓想
c14690,翁丽
c14691,楚晨
c14692,林桂芝
c14693,胡燕
c14694,吴建军
c14695,何璐
c14696,王秀芳
c14697,史彬
c14698,程瑞
c14699,张燕
c14700,刘桂英
c14701,农斌
c14702,俞桂芳
c14703,张海燕
c14704,孟浩
c14705,陈宇
c14706,郝桂香
c14707,李海燕
c14708,牛燕
c14709,熊辉
c14710,李秀珍
c14711,刘鑫
c14712,孙洋
c14713,刘冬梅
c14714,解兰英
c14715,叶秀荣
c14716,谭玉兰
c14717,郑健
c14718,杨秀梅
c14719,王阳
c14720,蒋秀珍
c14721,袁欢
c14722,沈建
c14723,朱冬梅
c14724,朱佳
c14725,龚凤英
c14726,王丽丽
c14727,田丹
c14728,董峰
c14729,王亮
c14730,张梅
c14731,廖建国
c14732,李林
c14733,韦瑜
c14734,林楠
c14735,周春梅
c14736,吴淑珍
c14737,刘雷
c14738,刘淑珍
c14739,刘秀芳
c14740,范峰
c14741,蒙斌
c14742,李宁
c14743,马飞
c14744,崔飞
c14745,朱林
c14746,袁娟
c14747,伍博
c14748,李桂兰
c14749,顾林
c14750,马想
c14751,武淑兰
c14752,张霞
c14753,吴红梅
c14754,于金凤
c14755,张红梅
c14756,罗秀荣
c14757,李建军
c14758,封玉英
c14759,杨秀华
c14760,徐峰
c14761,范丽华
c14762,魏冬梅
c14763,韦瑜
c14764,姚丽
c14765,邓楠
c14766,康丽丽
c14767,王桂花
c14768,张秀珍
c14769,魏红霞
c14770,陈海燕
c14771,林建国
c14772,黄辉
c14773,尹兵
c14774,赵丹丹
c14775,莫娜
c14776,杜雪
c14777,刘兰英
c14778,陆荣
c14779,张健
c14780,孙倩
c14781,熊秀芳
c14782,杨萍
c14783,陶琳
c14784,严旭
c14785,贺静
c14786,陆凯
c14787,周霞
c14788,杨伟
c14789,李宇
c14790,柳旭
c14791,汤琴
c14792,向帅
c14793,刘鹏
c14794,陈桂香
c14795,黄伟
c14796,李秀荣
c14797,杜桂花
c14798,李玉兰
c14799,李晶
c14800,闻建
c14801,杨凤英
c14802,张博
c14803,廖金凤
c14804,余杰
c14805,王凯
c14806,翟峰
c14807,姬磊
c14808,麦英
c14809,董凤英
c14810,郑龙
c14811,王建国
c14812,刘红
c14813,刘帅
c14814,邓瑞
c14815,孙玉
c14816,张淑珍
c14817,田桂英
c14818,周涛
c14819,胡冬梅
c14820,孔秀英
c14821,裴飞
c14822,余芳
c14823,彭丹
c14824,邵雷
c14825,周婷婷
c14826,王玉兰
c14827,李红梅
c14828,郭璐
c14829,吴玉珍
c14830,徐丹丹
c14831,郭莹
c14832,邓畅
c14833,余静
c14834,沈雪梅
c14835,朱浩
c14836,杨杰
c14837,邢旭
c14838,胡旭
c14839,何欣
c14840,杨鑫
c14841,常伟
c14842,李柳
c14843,陈杰
c14844,杨丽华
c14845,杨龙
c14846,丁峰
c14847,韩莉
c14848,罗建军
c14849,徐颖
c14850,张丽华
c14851,岑海燕
c14852,朱秀英
c14853,郭玉兰
c14854,李凤兰
c14855,黄桂珍
c14856,张强
c14857,庞凤兰
c14858,陈璐
c14859,田艳
c14860,高婷
c14861,李成
c14862,敬秀珍
c14863,李健
c14864,何瑜
c14865,卢建华
c14866,周成
c14867,浦平
c14868,王玲
c14869,邵秀兰
c14870,李畅
c14871,文平
c14872,毛娟
c14873,邱浩
c14874,麦鑫
c14875,罗旭
c14876,吴楠
c14877,叶宇
c14878,屠玉华
c14879,任瑞
c14880,朱梅
c14881,刘玉华
c14882,周超
c14883,胡红梅
c14884,王秀荣
c14885,王艳
c14886,黄飞
c14887,王建华
c14888,刘建国
c14889,郑杰
c14890,梁璐
c14891,云璐
c14892,向坤
c14893,沈超
c14894,张玲
c14895,王玉梅
c14896,王桂香
c14897,傅颖
c14898,蔡志强
c14899,任岩
c14900,高利
c14901,孙勇
c14902,刘娟
c14903,鞠慧
c14904,薛刚
c14905,郑成
c14906,符晶
c14907,李军
c14908,顾磊
c14909,文婷
c14910,郑佳
c14911,蔡桂英
c14912,范磊
c14913,李涛
c14914,廖佳
c14915,李东
c14916,晏玉兰
c14917,艾桂芳
c14918,何岩
c14919,吴秀梅
c14920,刘华
c14921,王艳
c14922,文玉珍
c14923,安晨
c14924,周林
c14925,王琳
c14926,陈军
c14927,朱丽丽
c14928,胡健
c14929,段鹏
c14930,吴桂芳
c14931,刘秀英
c14932,徐桂珍
c14933,谢婷
c14934,张磊
c14935,潘杰
c14936,马辉
c14937,郭洋
c14938,张桂香
c14939,李淑兰
c14940,符桂荣
c14941,王敏
c14942,文欢
c14943,梅瑞
c14944,金丽华
c14945,左欢
c14946,安建华
c14947,成龙
c14948,王鹏
c14949,石桂花
c14950,吴兵
c14951,吴淑英
c14952,朱静
c14953,万杨
c14954,汪亮
c14955,李冬梅
c14956,管峰
c14957,宋娜
c14958,董丽丽
c14959,陶旭
c14960,蔡刚
c14961,杨想
c14962,查想
c14963,丁畅
c14964,关畅
c14965,李荣
c14966,李建平
c14967,陈淑兰
c14968,封文
c14969,王平
c14970,周涛
c14971,韦丹丹
c14972,赵勇
c14973,傅飞
c14974,杨慧
c14975,洪波
c14976,陈秀梅
c14977,胡坤
c14978,卢荣
c14979,张秀梅
c14980,徐平
c14981,董玉梅
c14982,马兵
c14983,张兵
c14984,何岩
c14985,陈莹
c14986,李秀英
c14987,林建国
c14988,韩静
c14989,杨建华
c14990,孟凤英
c14991,覃浩
c14992,何莹
c14993,吴桂荣
c14994,刘兵
c14995,许磊
c14996,武平
c14997,钱林
c14998,韦亮
c14999,王文
c15000,任秀英
c15001,萧强
c15002,杨海燕
c15003,邓建国
c15004,王小红
c15005,周军
c15006,李军
c15007,张艳
c15008,熊玉兰
c15009,李志强
c15010,赵鹏
c15011,刘秀兰
c15012,吴瑞
c15013,郜鑫
c15014,李玉珍
c15015,李斌
c15016,刘岩
c15017,朱玲
c15018,李鑫
c15019,李桂荣
c15020,段鑫
c15021,宁丽娟
c15022,徐红梅
c15023,马涛
c15024,石云
c15025,高桂芝
c15026,叶想
c15027,汤春梅
c15028,卢静
c15029,张楠
c15030,廖宇
c15031,苏婷婷
c15032,韩婷婷
c15033,赵旭
c15034,黄帆
c15035,夏建军
c15036,郭颖
c15037,陈玉兰
c15038,秦龙
c15039,李亮
c15040,崔淑兰
c15041,陈小红
c15042,张红梅
c15043,游丹丹
c15044,萧帅
c15045,邓强
c15046,韦丽
c15047,宋凤英
c15048,姚桂花
c15049,马博
c15050,杨宇
c15051,刘建平
c15052,刘玉梅
c15053,程飞
c15054,秦桂花
c15055,曹晨
c15056,刘伟
c15057,王兵
c15058,陈阳
c15059,李丹
c15060,张莹
c15061,张婷
c15062,陈文
c15063,褚桂荣
c15064,黄凤兰
c15065,董淑华
c15066,王斌
c15067,李伟
c15068,张秀兰
c15069,王丽娟
c15070,傅东
c15071,张坤
c15072,唐桂芝
c15073,陈军
c15074,刘霞
c15075,何凤英
c15076,高涛
c15077,夏华
c15078,荣建军
c15079,支宇
c15080,曾刚
c15081,张霞
c15082,唐桂花
c15083,杨勇
c15084,周桂英
c15085,王海燕
c15086,张阳
c15087,王桂兰
c15088,夏玉梅
c15089,赵秀梅
c15090,张林
c15091,周强
c15092,靳璐
c15093,李宇
c15094,赖冬梅
c15095,张想
c15096,李鑫
c15097,王柳
c15098,毕鹏
c15099,张玉英
c15100,方金凤
c15101,邢洋
c15102,殷芳
c15103,范明
c15104,李淑英
c15105,黄桂珍
c15106,张秀兰
c15107,何秀梅
c15108,刘欣
c15109,李玉兰
c15110,程波
c15111,刘斌
c15112,谢斌
c15113,冯柳
c15114,萧建
c15115,李辉
c15116,全畅
c15117,王瑜
c15118,谭秀兰
c15119,马丽娟
c15120,文欢
c15121,杨丹丹
c15122,吕浩
c15123,丁成
c15124,杨雷
c15125,王桂香
c15126,何雪
c15127,伍丽华
c15128,杨欢
c15129,贺波
c15130,陈秀华
c15131,尹志强
c15132,张桂香
c15133,谢婷
c15134,莫欢
c15135,赵晶
c15136,谢娟
c15137,邓丹丹
c15138,韩瑞
c15139,周娟
c15140,邹勇
c15141,雷雪
c15142,刘建华
c15143,时海燕
c15144,廖红梅
c15145,蒋秀梅
c15146,孙秀珍
c15147,郝晶
c15148,王明
c15149,刘秀云
c15150,龚雪
c15151,许建国
c15152,郭杰
c15153,汤亮
c15154,郑小红
c15155,黄瑞
c15156,徐金凤
c15157,陈丽
c15158,陈超
c15159,郭鹏
c15160,李娜
c15161,陆婷
c15162,叶玉
c15163,董帅
c15164,邹兰英
c15165,钟淑兰
c15166,侯娜
c15167,邓阳
c15168,吕利
c15169,杨刚
c15170,刘凤兰
c15171,吴雪梅
c15172,贾兰英
c15173,王淑珍
c15174,刘雪梅
c15175,张红梅
c15176,李勇
c15177,周丽
c15178,周欢
c15179,洪建国
c15180,罗红霞
c15181,陈杨
c15182,陈秀珍
c15183,刘丽丽
c15184,陶斌
c15185,宋凤英
c15186,黄刚
c15187,姚飞
c15188,柳丹丹
c15189,潘凯
c15190,郭丹丹
c15191,陈慧
c15192,黄博
c15193,何秀英
c15194,黄军
c15195,魏军
c15196,顾磊
c15197,王冬梅
c15198,李丽华
c15199,邓勇
c15200,周丽娟
c15201,王淑珍
c15202,陈楠
c15203,徐萍
c15204,黄红霞
c15205,吴静
c15206,罗丹
c15207,权海燕
c15208,孙秀兰
c15209,陈帆
c15210,林莉
c15211,周萍
c15212,周明
c15213,武雷
c15214,管坤
c15215,顾建平
c15216,李红
c15217,李玉珍
c15218,谷军
c15219,萧淑英
c15220,杜浩
c15221,杨小红
c15222,王杰
c15223,郭淑英
c15224,张红霞
c15225,陈琳
c15226,杨阳
c15227,周旭
c15228,徐淑兰
c15229,刘林
c15230,孙桂香
c15231,王玉珍
c15232,喻丹丹
c15233,黄鹏
c15234,刘玉英
c15235,刘丽娟
c15236,喻洁
c15237,李丹丹
c15238,高丹丹
c15239,袁鑫
c15240,樊健
c15241,高欢
c15242,谢辉
c15243,陈慧
c15244,鞠雷
c15245,刘岩
c15246,王玉珍
c15247,薛宁
c15248,叶建平
c15249,张雷
c15250,缪楠
c15251,程淑华
c15252,郭兰英
c15253,汤春梅
c15254,程琴
c15255,赵楠
c15256,翟秀英
c15257,董超
c15258,袁玉兰
c15259,徐丽华
c15260,李琴
c15261,袁桂珍
c15262,沈淑兰
c15263,高阳
c15264,孙涛
c15265,谭磊
c15266,刘晶
c15267,顾秀珍
c15268,何秀兰
c15269,白斌
c15270,吴丹丹
c15271,尚建平
c15272,聂鹏
c15273,陈建国
c15274,梁玉英
c15275,李秀华
c15276,李玉兰
c15277,苏凤兰
c15278,刘玉华
c15279,李辉
c15280,龙英
c15281,王旭
c15282,杜刚
c15283,林华
c15284,商金凤
c15285,郑志强
c15286,王斌
c15287,杜梅
c15288,姜桂荣
c15289,廖海燕
c15290,韩志强
c15291,陈兰英
c15292,张健
c15293,阴文
c15294,朱玉珍
c15295,董博
c15296,潘辉
c15297,刘玉华
c15298,何桂芝
c15299,周晨
c15300,张阳
c15301,雷娜
c15302,兰桂兰
c15303,邵伟
c15304,黄丽华
c15305,裴涛
c15306,周璐
c15307,罗建华
c15308,黎建国
c15309,康玉英
c15310,范玉华
c15311,王燕
c15312,桑斌
c15313,吴淑华
c15314,韩玉珍
c15315,宋鹏
c15316,叶淑兰
c15317,阳鑫
c15318,杨畅
c15319,陈兰英
c15320,张博
c15321,马建平
c15322,范欢
c15323,王东
c15324,陈桂兰
c15325,张秀华
c15326,杨淑珍
c15327,郭秀云
c15328,李强
c15329,潘淑珍
c15330,张秀英
c15331,陈志强
c15332,郑静
c15333,杨璐
c15334,董燕
c15335,郭欣
c15336,陆丽丽
c15337,陈勇
c15338,郭畅
c15339,张梅
c15340,刘秀云
c15341,朱秀珍
c15342,仇瑞
c15343,柳浩
c15344,郑欢
c15345,杨晨
c15346,王婷婷
c15347,高华
c15348,黄杰
c15349,邓琴
c15350,李雪梅
c15351,张强
c15352,李晶
c15353,王兰英
c15354,李林
c15355,史琴
c15356,王雷
c15357,萧燕
c15358,张淑兰
c15359,田冬梅
c15360,吴岩
c15361,王成
c15362,陈玉兰
c15363,王桂芝
c15364,赵婷婷
c15365,尹杰
c15366,冯楠
c15367,伍博
c15368,翁淑华
c15369,刘丽丽
c15370,陈强
c15371,廖宇
c15372,陈淑华
c15373,赖丽娟
c15374,宋英
c15375,王桂芳
c15376,孙成
c15377,余红梅
c15378,任丹丹
c15379,李晨
c15380,张波
c15381,汪霞
c15382,张帅
c15383,包雪
c15384,姜璐
c15385,夏兰英
c15386,张杰
c15387,李伟
c15388,林波
c15389,李桂兰
c15390,李华
c15391,黄慧
c15392,周勇
c15393,朱建
c15394,苏浩
c15395,姚莹
c15396,徐璐
c15397,杜雷
c15398,林秀荣
c15399,白宇
c15400,王勇
c15401,叶彬
c15402,冶明
c15403,王彬
c15404,郭艳
c15405,刘俊
c15406,唐艳
c15407,陈宇
c15408,秦帆
c15409,查桂花
c15410,万霞
c15411,兰伟
c15412,智雪梅
c15413,盛飞
c15414,邱红
c15415,阎玉英
c15416,蔡强
c15417,刘桂芝
c15418,陈梅
c15419,袁玉
c15420,毛坤
c15421,周玲
c15422,黄宇
c15423,刘秀芳
c15424,刘畅
c15425,张超
c15426,宋丹
c15427,张丽娟
c15428,王明
c15429,段秀云
c15430,吴秀云
c15431,刘宁
c15432,徐畅
c15433,章建华
c15434,陈云
c15435,张华
c15436,范欣
c15437,张秀兰
c15438,贾宁
c15439,陈博
c15440,陈春梅
c15441,张红
c15442,林丹丹
c15443,冯桂花
c15444,王明
c15445,何鹏
c15446,王亮
c15447,范婷
c15448,刘兰英
c15449,许秀英
c15450,刘亮
c15451,赵强
c15452,韦玉梅
c15453,朱云
c15454,刘涛
c15455,林林
c15456,孙淑华
c15457,缪杨
c15458,胡桂英
c15459,王健
c15460,王红梅
c15461,任瑞
c15462,冉凤兰
c15463,丁琳
c15464,张瑜
c15465,欧静
c15466,李凤英
c15467,符宁
c15468,周小红
c15469,刘金凤
c15470,王强
c15471,马利
c15472,卢丽华
c15473,谢丽丽
c15474,杨淑兰
c15475,刘红
c15476,王燕
c15477,周玉华
c15478,韩莉
c15479,方东
c15480,姜玉兰
c15481,杨慧
c15482,王璐
c15483,丁玉珍
c15484,杨春梅
c15485,陈娟
c15486,冯颖
c15487,舒超
c15488,徐玉英
c15489,李秀云
c15490,黄林
c15491,崔军
c15492,张欣
c15493,张琴
c15494,赵丽娟
c15495,刘想
c15496,黎倩
c15497,向建
c15498,胡桂英
c15499,徐雪梅
c15500,陈秀荣
c15501,徐瑜
c15502,武雷
c15503,陈建华
c15504,黄玉华
c15505,元宁
c15506,张英
c15507,冯琴
c15508,陈秀梅
c15509,陈霞
c15510,郑玉
c15511,梁磊
c15512,马琳
c15513,张凤英
c15514,芮瑜
c15515,陈小红
c15516,冯雷
c15517,曾建华
c15518,熊辉
c15519,钟兰英
c15520,罗婷
c15521,魏想
c15522,王玉英
c15523,徐帆
c15524,韩霞
c15525,李丹
c15526,彭霞
c15527,葛玉英
c15528,刘秀兰
c15529,袁畅
c15530,傅玉兰
c15531,梁帆
c15532,杨俊
c15533,李荣
c15534,杨梅
c15535,林桂兰
c15536,张玉珍
c15537,胡鑫
c15538,袁玉珍
c15539,张玉
c15540,王静
c15541,卢龙
c15542,刘玉华
c15543,张玲
c15544,林淑珍
c15545,钟淑珍
c15546,金兰英
c15547,潘涛
c15548,刘秀英
c15549,傅秀珍
c15550,徐洋
c15551,潘欣
c15552,吕磊
c15553,任倩
c15554,孟淑英
c15555,辛芳
c15556,朱娜
c15557,关桂兰
c15558,李荣
c15559,高飞
c15560,姚华
c15561,齐建国
c15562,罗兰英
c15563,唐红霞
c15564,李洁
c15565,王玉英
c15566,薛颖
c15567,陈阳
c15568,黄亮
c15569,郭志强
c15570,陈杰
c15571,王健
c15572,卞淑珍
c15573,王霞
c15574,苏丽丽
c15575,刘志强
c15576,张俊
c15577,许桂珍
c15578,李建军
c15579,张勇
c15580,傅宁
c15581,劳淑英
c15582,梁瑜
c15583,任艳
c15584,李玉兰
c15585,薛磊
c15586,柴秀兰
c15587,王秀珍
c15588,陶刚
c15589,魏艳
c15590,李宁
c15591,李婷婷
c15592,周秀华
c15593,邓梅
c15594,程龙
c15595,李岩
c15596,黄欣
c15597,王红梅
c15598,丁建
c15599,陈桂珍
c15600,杨秀华
c15601,李欣
c15602,贾磊
c15603,周亮
c15604,黄娜
c15605,张东
c15606,刘秀云
c15607,骆军
c15608,王建华
c15609,王文
c15610,翁涛
c15611,黄强
c15612,刘婷婷
c15613,何玲
c15614,陈杰
c15615,陈颖
c15616,王彬
c15617,周丹丹
c15618,费斌
c15619,王建军
c15620,苏瑞
c15621,戴伟
c15622,赵莹
c15623,刘淑兰
c15624,刘玉梅
c15625,马凤英
c15626,李鑫
c15627,庞霞
c15628,张金凤
c15629,刘强
c15630,费岩
c15631,李楠
c15632,周洁
c15633,宋莹
c15634,胡莹
c15635,朱磊
c15636,张淑珍
c15637,蔡龙
c15638,曹燕
c15639,黄建
c15640,晏涛
c15641,纪霞
c15642,耿梅
c15643,庄刚
c15644,马秀珍
c15645,黄桂兰
c15646,王玉
c15647,刘秀英
c15648,逯桂英
c15649,林凤兰
c15650,叶丹丹
c15651,杨兰英
c15652,何玉珍
c15653,李凯
c15654,朱凯
c15655,周军
c15656,高红霞
c15657,简洁
c15658,赵玉英
c15659,刘超
c15660,张建国
c15661,蔡华
c15662,刘桂芝
c15663,赵勇
c15664,尹坤
c15665,孔淑英
c15666,孙东
c15667,李波
c15668,袁瑞
c15669,汪建国
c15670,陈磊
c15671,甘想
c15672,李建华
c15673,贺敏
c15674,冯磊
c15675,宋磊
c15676,刘帅
c15677,胡成
c15678,田帅
c15679,杨娜
c15680,仇春梅
c15681,陈璐
c15682,陆凤英
c15683,司帅
c15684,邢冬梅
c15685,刘丽华
c15686,任楠
c15687,熊玉英
c15688,黄玉兰
c15689,葛刚
c15690,赵红梅
c15691,郑飞
c15692,周建国
c15693,刘璐
c15694,张玉
c15695,游刚
c15696,高瑞
c15697,王丽丽
c15698,张涛
c15699,程秀荣
c15700,雷帅
c15701,李宁
c15702,李欣
c15703,董雪梅
c15704,汤华
c15705,许玉珍
c15706,韩彬
c15707,王东
c15708,胡峰
c15709,郑瑜
c15710,张平
c15711,吴帅
c15712,邱婷婷
c15713,张桂芳
c15714,郑亮
c15715,陈娟
c15716,王柳
c15717,戴楠
c15718,路英
c15719,秦桂英
c15720,郭岩
c15721,古秀云
c15722,王洁
c15723,徐洋
c15724,李冬梅
c15725,沙波
c15726,胡宁
c15727,李丽娟
c15728,王佳
c15729,张建国
c15730,苏萍
c15731,薛红
c15732,王红霞
c15733,熊丽华
c15734,周峰
c15735,王军
c15736,陈敏
c15737,杨玉英
c15738,张鹏
c15739,卢岩
c15740,张敏
c15741,喻冬梅
c15742,杨岩
c15743,唐浩
c15744,陈阳
c15745,许桂英
c15746,王秀华
c15747,周莹
c15748,周峰
c15749,杜玉
c15750,王冬梅
c15751,郭婷
c15752,苏柳
c15753,张飞
c15754,温丹
c15755,郑鹏
c15756,张成
c15757,张鹏
c15758,秦斌
c15759,朱波
c15760,雷慧
c15761,张杨
c15762,欧阳勇
c15763,黄淑华
c15764,张鹏
c15765,邱玉
c15766,郭强
c15767,时海燕
c15768,郭慧
c15769,张建国
c15770,陈杰
c15771,杨洁
c15772,阎雪梅
c15773,董坤
c15774,张海燕
c15775,李颖
c15776,林云
c15777,周慧
c15778,程刚
c15779,郝彬
c15780,张丽
c15781,叶萍
c15782,向凤英
c15783,王帆
c15784,张玲
c15785,王云
c15786,曾建华
c15787,苏玲
c15788,陈玲
c15789,刘彬
c15790,胡辉
c15791,张华
c15792,杨健
c15793,邹芳
c15794,李斌
c15795,王飞
c15796,周磊
c15797,徐磊
c15798,郭建
c15799,全雷
c15800,李超
c15801,李成
c15802,李涛
c15803,黄春梅
c15804,叶桂芳
c15805,连桂芳
c15806,陈雪梅
c15807,潘玉
c15808,刘博
c15809,申利
c15810,张兰英
c15811,张丽华
c15812,李婷婷
c15813,巩鹏
c15814,梁霞
c15815,初丽娟
c15816,王倩
c15817,龙红
c15818,丁艳
c15819,易琴
c15820,谢玉英
c15821,钟凯
c15822,陈建军
c15823,庞云
c15824,曾燕
c15825,丁帆
c15826,曹桂芝
c15827,赵红
c15828,马平
c15829,杨淑华
c15830,李荣
c15831,李浩
c15832,姜健
c15833,邵凯
c15834,陈淑华
c15835,潘桂花
c15836,刁秀珍
c15837,沈芳
c15838,李晨
c15839,单晨
c15840,刘倩
c15841,高建国
c15842,陈杨
c15843,萧帆
c15844,朱凯
c15845,胡帅
c15846,商秀荣
c15847,陈兰英
c15848,邓利
c15849,郑雪梅
c15850,李梅
c15851,农磊
c15852,杜东
c15853,李利
c15854,赵俊
c15855,刘秀芳
c15856,王彬
c15857,史桂芳
c15858,司红
c15859,崔华
c15860,陈军
c15861,刘丽
c15862,伍玉英
c15863,鲁燕
c15864,耿婷婷
c15865,郝凤兰
c15866,张利
c15867,李桂芝
c15868,吴霞
c15869,陈金凤
c15870,赵建国
c15871,王波
c15872,吴玉梅
c15873,汪伟
c15874,侯伟
c15875,吕鹏
c15876,吴燕
c15877,明静
c15878,罗磊
c15879,佘丽
c15880,王凯
c15881,何建平
c15882,李淑英
c15883,林鹏
c15884,杨建军
c15885,张秀梅
c15886,邵红
c15887,赵丽丽
c15888,刘玉
c15889,李建华
c15890,王玉珍
c15891,孟超
c15892,汤霞
c15893,庄兵
c15894,邓博
c15895,曾凤兰
c15896,何莉
c15897,马俊
c15898,游莉
c15899,张丹
c15900,胡玉华
c15901,陈磊
c15902,梁丹
c15903,彭瑜
c15904,张涛
c15905,刘楠
c15906,林秀云
c15907,林红梅
c15908,张平
c15909,黎桂英
c15910,陈云
c15911,惠洁
c15912,翁淑珍
c15913,陈鑫
c15914,侯娜
c15915,刘秀兰
c15916,史斌
c15917,史刚
c15918,唐峰
c15919,唐岩
c15920,苏玲
c15921,申博
c15922,齐强
c15923,杨博
c15924,张强
c15925,王敏
c15926,鞠建
c15927,王磊
c15928,文桂英
c15929,张勇
c15930,陈淑华
c15931,司杰
c15932,陈海燕
c15933,李帅
c15934,吴秀云
c15935,马慧
c15936,孙杰
c15937,胡明
c15938,李玉兰
c15939,王建军
c15940,饶秀云
c15941,刘玉梅
c15942,朱瑞
c15943,陈梅
c15944,吴淑兰
c15945,孙平
c15946,许雷
c15947,王秀云
c15948,曾秀华
c15949,梁秀云
c15950,曾娜
c15951,高艳
c15952,杜桂兰
c15953,王宇
c15954,傅斌
c15955,杨玉
c15956,刘淑华
c15957,郭凤英
c15958,陈旭
c15959,吴艳
c15960,潘英
c15961,李玉英
c15962,胥超
c15963,尤博
c15964,任瑞
c15965,蔡勇
c15966,董洁
c15967,郑芳
c15968,胡秀芳
c15969,黄建平
c15970,陈海燕
c15971,郭健
c15972,马琳
c15973,王桂荣
c15974,谷玉珍
c15975,董志强
c15976,孙丹丹
c15977,范萍
c15978,王岩
c15979,霍秀梅
c15980,秦桂芝
c15981,彭涛
c15982,朱彬
c15983,杨丽
c15984,李俊
c15985,王梅
c15986,方峰
c15987,郭荣
c15988,樊桂芳
c15989,黄小红
c15990,修丽娟
c15991,彭秀珍
c15992,骆秀云
c15993,唐慧
c15994,陈宁
c15995,凌志强
c15996,黄旭
c15997,张明
c15998,胡建华
c15999,杜欣
c16000,潘冬梅
c16001,王桂芳
c16002,赫红霞
c16003,吉玉珍
c16004,韩桂英
c16005,钟琳
c16006,刘兰英
c16007,张秀兰
c16008,高萍
c16009,莫秀荣
c16010,吴帅
c16011,康玉梅
c16012,李莹
c16013,张伟
c16014,王玉华
c16015,谈英
c16016,杨柳
c16017,刘楠
c16018,周勇
c16019,唐浩
c16020,徐梅
c16021,刘红
c16022,姚岩
c16023,陈璐
c16024,张琴
c16025,薛洋
c16026,王峰
c16027,吴平
c16028,杨艳
c16029,刘兵
c16030,龙辉
c16031,苏丹丹
c16032,张雪
c16033,马洁
c16034,程彬
c16035,郑淑珍
c16036,陈超
c16037,蒋淑华
c16038,李丽
c16039,孙楠
c16040,杨晶
c16041,张玉梅
c16042,翟岩
c16043,徐宁
c16044,吴荣
c16045,王凯
c16046,郭玉兰
c16047,侯桂荣
c16048,全丹
c16049,杨凤兰
c16050,林勇
c16051,杨磊
c16052,高雷
c16053,张玉兰
c16054,缪瑞
c16055,李玉华
c16056,宫亮
c16057,刘秀梅
c16058,刘华
c16059,门波
c16060,周帅
c16061,赵文
c16062,陈桂珍
c16063,李博
c16064,朱峰
c16065,萧璐
c16066,林宇
c16067,岳利
c16068,李凤兰
c16069,丁秀珍
c16070,郑桂芳
c16071,黄峰
c16072,田桂花
c16073,章兰英
c16074,陈敏
c16075,徐娟
c16076,刘杰
c16077,康丹丹
c16078,高博
c16079,栗慧
c16080,李玉梅
c16081,谈淑英
c16082,赵梅
c16083,阎芳
c16084,贾志强
c16085,胡冬梅
c16086,程晨
c16087,吴云
c16088,张军
c16089,赵春梅
c16090,覃芳
c16091,丁静
c16092,吴雷
c16093,夏岩
c16094,郭洁
c16095,张浩
c16096,曹建国
c16097,李秀华
c16098,汪磊
c16099,谢文
c16100,陈淑珍
c16101,刘佳
c16102,孙丹
c16103,罗玉英
c16104,张凯
c16105,常玉英
c16106,凌涛
c16107,彭荣
c16108,贺静
c16109,张海燕
c16110,陈柳
c16111,郑婷婷
c16112,江明
c16113,赵明
c16114,简兵
c16115,刘璐
c16116,崔萍
c16117,黄霞
c16118,邵刚
c16119,赵磊
c16120,张桂英
c16121,夏超
c16122,史博
c16123,黄洋
c16124,张勇
c16125,叶桂芳
c16126,刘桂香
c16127,宋晶
c16128,刘坤
c16129,韦敏
c16130,冯东
c16131,田洁
c16132,张秀兰
c16133,李雷
c16134,杨梅
c16135,朱秀云
c16136,周斌
c16137,杨志强
c16138,孙想
c16139,蒋丽华
c16140,杨军
c16141,魏建
c16142,李秀华
c16143,潘宇
c16144,冯林
c16145,秦想
c16146,聂波
c16147,詹桂芝
c16148,曲颖
c16149,孔亮
c16150,刘强
c16151,盛瑞
c16152,欧阳辉
c16153,邹彬
c16154,李建军
c16155,何娟
c16156,李华
c16157,郑想
c16158,范勇
c16159,杨荣
c16160,崔建
c16161,谭强
c16162,张鑫
c16163,文华
c16164,戴军
c16165,朱玉华
c16166,程桂芳
c16167,王秀华
c16168,程云
c16169,唐娜
c16170,云凤兰
c16171,张林
c16172,何雪梅
c16173,贺倩
c16174,程瑞
c16175,李伟
c16176,韦淑英
c16177,李军
c16178,李楠
c16179,李洋
c16180,杨桂香
c16181,张建军
c16182,季莉
c16183,张瑜
c16184,曹瑜
c16185,陈海燕
c16186,张宁
c16187,龚建平
c16188,毛林
c16189,孙冬梅
c16190,项涛
c16191,王建
c16192,李刚
c16193,陈兵
c16194,陈波
c16195,姜鑫
c16196,郑婷婷
c16197,黄淑珍
c16198,薛莉
c16199,王莹
c16200,罗红
c16201,钟丽丽
c16202,陈建平
c16203,萧小红
c16204,杨宇
c16205,苏燕
c16206,马平
c16207,李超
c16208,左浩
c16209,杨雷
c16210,田静
c16211,彭慧
c16212,唐淑兰
c16213,缪宁
c16214,陈玉兰
c16215,梅秀云
c16216,王秀云
c16217,杜涛
c16218,李璐
c16219,黄红霞
c16220,吴秀芳
c16221,朱文
c16222,李畅
c16223,郝波
c16224,刘萍
c16225,赵刚
c16226,梁鹏
c16227,王峰
c16228,王俊
c16229,李小红
c16230,徐阳
c16231,焦红梅
c16232,刘明
c16233,邓秀云
c16234,王建军
c16235,刘丽华
c16236,林帅
c16237,谢建华
c16238,王琴
c16239,王博
c16240,蒋娟
c16241,吴霞
c16242,宋桂芝
c16243,谢文
c16244,包丹
c16245,韩娟
c16246,陈慧
c16247,张瑜
c16248,王辉
c16249,王玲
c16250,施霞
c16251,张鹏
c16252,齐玉兰
c16253,何秀梅
c16254,刘平
c16255,曾英
c16256,赵伟
c16257,罗丽
c16258,张芳
c16259,陈想
c16260,李秀珍
c16261,李帅
c16262,吕彬
c16263,柏燕
c16264,郝伟
c16265,杨洋
c16266,赵欢
c16267,李鹏
c16268,李淑英
c16269,曾文
c16270,李丽丽
c16271,戴坤
c16272,宫桂芳
c16273,成丽丽
c16274,徐燕
c16275,陈冬梅
c16276,刘建平
c16277,熊倩
c16278,谭建
c16279,杜慧
c16280,吕淑珍
c16281,梁强
c16282,朱慧
c16283,段强
c16284,蒋凤英
c16285,陈鹏
c16286,杨海燕
c16287,康琳
c16288,白洁
c16289,陈斌
c16290,费亮
c16291,刘楠
c16292,曾想
c16293,李彬
c16294,杨丽丽
c16295,萧冬梅
c16296,陈成
c16297,牛凤英
c16298,马岩
c16299,任敏
c16300,吴秀华
c16301,马成
c16302,张帆
c16303,李玉兰
c16304,曾霞
c16305,萧丽丽
c16306,张鑫
c16307,刘畅
c16308,龙琳
c16309,印楠
c16310,李坤
c16311,刘桂英
c16312,湛静
c16313,刘志强
c16314,王欢
c16315,丛兵
c16316,陈金凤
c16317,周红
c16318,彭芳
c16319,李华
c16320,李刚
c16321,郑秀珍
c16322,武欢
c16323,庄艳
c16324,孔勇
c16325,林勇
c16326,张坤
c16327,黄刚
c16328,莫秀梅
c16329,周建国
c16330,周旭
c16331,丁秀荣
c16332,柳波
c16333,罗玉英
c16334,马军
c16335,施凯
c16336,龚想
c16337,彭倩
c16338,刘桂兰
c16339,刘磊
c16340,荣桂珍
c16341,薛慧
c16342,包丽娟
c16343,高洋
c16344,王桂兰
c16345,杨桂英
c16346,杨伟
c16347,李玲
c16348,傅雪
c16349,夏帆
c16350,姚柳
c16351,曹玉英
c16352,章丽娟
c16353,张玉兰
c16354,秦凤兰
c16355,罗金凤
c16356,赵琴
c16357,杨桂珍
c16358,马阳
c16359,李艳
c16360,李亮
c16361,罗利
c16362,李荣
c16363,赵莉
c16364,徐桂英
c16365,应丹
c16366,黄丹丹
c16367,侯桂英
c16368,朱彬
c16369,丁成
c16370,刘刚
c16371,黄宇
c16372,杭玉英
c16373,杜海燕
c16374,夏娟
c16375,叶晶
c16376,王桂芳
c16377,杨丽华
c16378,戴玉梅
c16379,谢涛
c16380,杨勇
c16381,郭坤
c16382,毛健
c16383,夏敏
c16384,尹瑞
c16385,孙志强
c16386,陈秀珍
c16387,王秀荣
c16388,孙志强
c16389,黄建军
c16390,王岩
c16391,刘华
c16392,何坤
c16393,王丽丽
c16394,卢阳
c16395,陈桂花
c16396,覃帆
c16397,李兰英
c16398,朱静
c16399,宁玉华
c16400,沈丽华
c16401,傅帆
c16402,吴颖
c16403,杨凯
c16404,王帆
c16405,田楠
c16406,张玉
c16407,喻林
c16408,黄桂荣
c16409,李玉英
c16410,孙楠
c16411,伊成
c16412,张倩
c16413,吴文
c16414,朱东
c16415,赵秀芳
c16416,郭淑兰
c16417,蔡瑞
c16418,杨阳
c16419,陈霞
c16420,张欢
c16421,白凤兰
c16422,焦芳
c16423,饶建华
c16424,李玉珍
c16425,谢红霞
c16426,王畅
c16427,王晨
c16428,朱龙
c16429,赵芳
c16430,王秀英
c16431,郭丽丽
c16432,董丽华
c16433,苏丽娟
c16434,杨桂荣
c16435,沈涛
c16436,潘淑兰
c16437,董琴
c16438,李欢
c16439,赵超
c16440,王杰
c16441,陈丹
c16442,曹涛
c16443,张浩
c16444,陈瑞
c16445,徐杨
c16446,颜琴
c16447,杨建华
c16448,王平
c16449,饶勇
c16450,赵林
c16451,王明
c16452,徐桂花
c16453,严博
c16454,丁鹏
c16455,何凤兰
c16456,谢洋
c16457,贾红
c16458,陈秀兰
c16459,李红梅
c16460,宋晶
c16461,吴璐
c16462,梅平
c16463,曾建国
c16464,苏娟
c16465,白海燕
c16466,吴莉
c16467,黄琳
c16468,李杨
c16469,王玉
c16470,何伟
c16471,路明
c16472,李峰
c16473,王志强
c16474,史阳
c16475,孙坤
c16476,陈建
c16477,谈波
c16478,刘欣
c16479,吴秀珍
c16480,黄桂芳
c16481,张俊
c16482,张雪梅
c16483,程晶
c16484,范婷婷
c16485,李彬
c16486,郑晨
c16487,钟敏
c16488,黄坤
c16489,马荣
c16490,章畅
c16491,梁博
c16492,韦倩
c16493,周娜
c16494,聂金凤
c16495,李建国
c16496,郭建平
c16497,徐波
c16498,谢红梅
c16499,程帆
c16500,胡军
c16501,张霞
c16502,谢秀梅
c16503,黄建
c16504,王淑华
c16505,李荣
c16506,梁柳
c16507,刘宁
c16508,李玉华
c16509,陈丹丹
c16510,曹小红
c16511,李艳
c16512,史柳
c16513,穆艳
c16514,张丽华
c16515,夏秀云
c16516,许璐
c16517,牛燕
c16518,周华
c16519,吴婷婷
c16520,吴英
c16521,王军
c16522,杨军
c16523,冯磊
c16524,胡军
c16525,马凯
c16526,刘洁
c16527,杨雷
c16528,杨辉
c16529,林晶
c16530,唐伟
c16531,李春梅
c16532,张斌
c16533,王海燕
c16534,杨淑兰
c16535,沈玉梅
c16536,张丽娟
c16537,唐建国
c16538,陈敏
c16539,张金凤
c16540,姚晶
c16541,王洁
c16542,管建平
c16543,常俊
c16544,刘玉梅
c16545,董利
c16546,尹健
c16547,熊畅
c16548,高玉珍
c16549,李丽
c16550,李红梅
c16551,朱海燕
c16552,蒋金凤
c16553,陆红霞
c16554,赵玲
c16555,张云
c16556,李兵
c16557,张莉
c16558,田欢
c16559,吕丹
c16560,陈建
c16561,吴秀英
c16562,刘红
c16563,赵涛
c16564,张利
c16565,余强
c16566,陈丽华
c16567,丁飞
c16568,钟阳
c16569,段红
c16570,徐杨
c16571,熊洁
c16572,张林
c16573,李龙
c16574,黄杨
c16575,张飞
c16576,管兰英
c16577,古杰
c16578,陈丹
c16579,高建军
c16580,徐飞
c16581,王玉
c16582,周洁
c16583,毕淑珍
c16584,周浩
c16585,张淑兰
c16586,禹浩
c16587,焦飞
c16588,庄秀英
c16589,陈荣
c16590,刘玉华
c16591,熊鹏
c16592,赵敏
c16593,马莹
c16594,李秀梅
c16595,刘冬梅
c16596,高建国
c16597,萧欣
c16598,王桂花
c16599,李刚
c16600,李小红
c16601,周岩
c16602,汪帅
c16603,廖玉珍
c16604,任玉英
c16605,胡萍
c16606,姚桂荣
c16607,钱梅
c16608,屠建华
c16609,魏欣
c16610,易帅
c16611,张静
c16612,王彬
c16613,唐玉梅
c16614,何帆
c16615,金冬梅
c16616,杨桂英
c16617,张冬梅
c16618,张淑华
c16619,孟秀珍
c16620,王淑华
c16621,王艳
c16622,江彬
c16623,马坤
c16624,吴秀云
c16625,徐柳
c16626,张畅
c16627,史强
c16628,屈楠
c16629,孟凤兰
c16630,李兵
c16631,金玉
c16632,罗鑫
c16633,李晨
c16634,胡俊
c16635,张桂花
c16636,赵利
c16637,李建国
c16638,韩晶
c16639,祁鑫
c16640,范楠
c16641,郑林
c16642,冶彬
c16643,冉杨
c16644,倪凯
c16645,冯秀英
c16646,胡秀云
c16647,林成
c16648,游想
c16649,姜柳
c16650,马俊
c16651,冯秀云
c16652,贺宁
c16653,周秀英
c16654,朱涛
c16655,叶秀华
c16656,何鹏
c16657,汤秀珍
c16658,谭建军
c16659,高浩
c16660,谭帅
c16661,李楠
c16662,练秀英
c16663,蒋红霞
c16664,朱静
c16665,杨波
c16666,韩丹
c16667,缪丽华
c16668,曹娟
c16669,李利
c16670,储成
c16671,宋雷
c16672,秦婷
c16673,张秀珍
c16674,李伟
c16675,李海燕
c16676,郑宇
c16677,刘鑫
c16678,张淑华
c16679,段洁
c16680,王建军
c16681,吴建军
c16682,寇建平
c16683,毛玲
c16684,王婷
c16685,练欣
c16686,李彬
c16687,陈丽娟
c16688,曾婷婷
c16689,崔波
c16690,姜杰
c16691,孙秀云
c16692,黄红霞
c16693,苏玉梅
c16694,刘海燕
c16695,高莹
c16696,周华
c16697,萧利
c16698,耿晨
c16699,唐晶
c16700,石玉兰
c16701,陈莹
c16702,戚建国
c16703,朱欣
c16704,陈小红
c16705,刘辉
c16706,吴博
c16707,周秀兰
c16708,董秀荣
c16709,范莉
c16710,徐丽娟
c16711,石峰
c16712,朱霞
c16713,廖琳
c16714,张华
c16715,吴超
c16716,沈洋
c16717,王芳
c16718,李帆
c16719,向磊
c16720,陈建
c16721,邵玉梅
c16722,田帅
c16723,陈雪
c16724,陶倩
c16725,郝杨
c16726,潘想
c16727,周岩
c16728,陈秀云
c16729,孙海燕
c16730,孙龙
c16731,耿峰
c16732,贺俊
c16733,李红
c16734,王秀英
c16735,梁海燕
c16736,王华
c16737,刘刚
c16738,李玉梅
c16739,田红
c16740,尚婷
c16741,李丽华
c16742,朱敏
c16743,蓝云
c16744,石云
c16745,谷倩
c16746,陈兰英
c16747,黄文
c16748,罗刚
c16749,张欢
c16750,安云
c16751,王想
c16752,邹丹丹
c16753,王丽华
c16754,吴阳
c16755,高桂芝
c16756,鞠强
c16757,李建平
c16758,萧兵
c16759,李帅
c16760,廖萍
c16761,蓝玉兰
c16762,宫英
c16763,潘小红
c16764,陈宁
c16765,鞠伟
c16766,宋洁
c16767,张秀芳
c16768,罗淑珍
c16769,李浩
c16770,李梅
c16771,朱兵
c16772,潘刚
c16773,韩楠
c16774,柏建平
c16775,曹鑫
c16776,钱建军
c16777,赵秀云
c16778,钱秀兰
c16779,覃丹丹
c16780,李雪
c16781,吉桂荣
c16782,刘玉
c16783,林旭
c16784,岑龙
c16785,张小红
c16786,李荣
c16787,王红霞
c16788,徐丽
c16789,迟洋
c16790,宫帅
c16791,董彬
c16792,赵淑兰
c16793,谭想
c16794,计建华
c16795,尹楠
c16796,史婷
c16797,刘利
c16798,李玉英
c16799,吕丽丽
c16800,龙莹
c16801,何博
c16802,马淑兰
c16803,孙建华
c16804,王欣
c16805,刘鹏
c16806,仇波
c16807,李丽华
c16808,高洋
c16809,尹岩
c16810,许芳
c16811,田浩
c16812,温畅
c16813,吴雪
c16814,李红梅
c16815,周平
c16816,李杰
c16817,张斌
c16818,刘敏
c16819,王璐
c16820,吴艳
c16821,刘春梅
c16822,雷畅
c16823,卢彬
c16824,何小红
c16825,许玉华
c16826,周芳
c16827,徐刚
c16828,陈淑珍
c16829,包柳
c16830,关玉兰
c16831,吕玉华
c16832,萧勇
c16833,陈淑兰
c16834,马春梅
c16835,林想
c16836,麦秀云
c16837,郭慧
c16838,陈莉
c16839,刘鹏
c16840,金东
c16841,韩楠
c16842,刘俊
c16843,宋畅
c16844,邱梅
c16845,丁瑜
c16846,杜峰
c16847,李玉珍
c16848,陶华
c16849,黄成
c16850,王璐
c16851,余玉华
c16852,苟雷
c16853,王宇
c16854,张秀云
c16855,贺桂荣
c16856,李鑫
c16857,刘玉英
c16858,王博
c16859,郑桂芳
c16860,沈斌
c16861,许兵
c16862,张彬
c16863,杨波
c16864,冯芳
c16865,文晨
c16866,毛琳
c16867,刘晨
c16868,曾建
c16869,杨芳
c16870,杨东
c16871,汤想
c16872,潘玉
c16873,张利
c16874,王帅
c16875,雷荣
c16876,汤博
c16877,吕飞
c16878,林桂珍
c16879,陈秀荣
c16880,范淑英
c16881,王冬梅
c16882,陈文
c16883,石秀英
c16884,李丹
c16885,董兵
c16886,屈淑华
c16887,林云
c16888,王佳
c16889,曾雪梅
c16890,孙建
c16891,覃帆
c16892,苏平
c16893,许东
c16894,齐健
c16895,梁颖
c16896,曾欢
c16897,刘玉珍
c16898,杨丽
c16899,韦雪
c16900,林璐
c16901,李平
c16902,李欢
c16903,何强
c16904,甘杰
c16905,杨杰
c16906,李洁
c16907,陈丹丹
c16908,黄亮
c16909,谢欢
c16910,张璐
c16911,陈云
c16912,胡建华
c16913,孙金凤
c16914,陈健
c16915,彭淑英
c16916,徐帆
c16917,朱荣
c16918,韩红梅
c16919,潘玉英
c16920,董欣
c16921,熊柳
c16922,陈宁
c16923,王淑华
c16924,任琴
c16925,吕建
c16926,李玉
c16927,冯建华
c16928,王畅
c16929,杨磊
c16930,田萍
c16931,邵凤英
c16932,陈波
c16933,张丹
c16934,王军
c16935,李桂珍
c16936,毛鹏
c16937,杨慧
c16938,蒙柳
c16939,冯瑞
c16940,王晨
c16941,李楠
c16942,郑磊
c16943,唐红霞
c16944,梁淑兰
c16945,梁涛
c16946,许彬
c16947,谢鹏
c16948,曹洋
c16949,戴红梅
c16950,张霞
c16951,孙峰
c16952,陈桂花
c16953,赖桂芳
c16954,王玉梅
c16955,王秀梅
c16956,黄娟
c16957,贺平
c16958,谷红霞
c16959,朱慧
c16960,萧帆
c16961,李琴
c16962,李玉
c16963,孔华
c16964,杨柳
c16965,吕倩
c16966,韩桂英
c16967,曾丽丽
c16968,王玉珍
c16969,赖杰
c16970,赵婷婷
c16971,巫淑华
c16972,陈玲
c16973,冷鹏
c16974,雷旭
c16975,罗明
c16976,赵凯
c16977,孙林
c16978,郑凯
c16979,杨玉英
c16980,丁波
c16981,罗秀芳
c16982,刘红
c16983,张芳
c16984,程凤兰
c16985,柏淑英
c16986,蔡淑珍
c16987,潘莉
c16988,陈婷
c16989,侯志强
c16990,张桂芳
c16991,王建平
c16992,刘秀芳
c16993,王晨
c16994,袁勇
c16995,高利
c16996,曾桂香
c16997,高峰
c16998,欧桂珍
c16999,王淑兰
c17000,罗畅
c17001,王琳
c17002,褚建平
c17003,储淑华
c17004,何玲
c17005,刘建平
c17006,崔丽
c17007,刘燕
c17008,王峰
c17009,朱健
c17010,张桂芝
c17011,党颖
c17012,蒋秀荣
c17013,刘伟
c17014,蔡雷
c17015,王建平
c17016,辛彬
c17017,梁凤兰
c17018,李涛
c17019,李小红
c17020,罗建
c17021,殷强
c17022,阮瑜
c17023,龙秀英
c17024,李雪梅
c17025,杨淑珍
c17026,胡瑞
c17027,谭艳
c17028,谢玉梅
c17029,欧阳畅
c17030,黄文
c17031,郭玉
c17032,杜兰英
c17033,王磊
c17034,周伟
c17035,刘琳
c17036,查丽娟
c17037,李秀梅
c17038,骆桂珍
c17039,张林
c17040,朱明
c17041,刘晨
c17042,刘志强
c17043,孔琴
c17044,丁霞
c17045,李丽
c17046,毛淑珍
c17047,覃玉兰
c17048,唐建国
c17049,王冬梅
c17050,夏明
c17051,王凤英
c17052,黄东
c17053,陈健
c17054,左红霞
c17055,汪丽
c17056,赵勇
c17057,沙颖
c17058,宋成
c17059,傅燕
c17060,王凤英
c17061,樊淑珍
c17062,杨雷
c17063,徐旭
c17064,陈慧
c17065,祝萍
c17066,李娟
c17067,徐桂珍
c17068,江玉英
c17069,张海燕
c17070,李秀兰
c17071,魏坤
c17072,熊旭
c17073,刘涛
c17074,林淑珍
c17075,邓柳
c17076,汪淑珍
c17077,袁玉梅
c17078,马平
c17079,张刚
c17080,段红
c17081,刘丽
c17082,何静
c17083,贾桂花
c17084,冯阳
c17085,尹梅
c17086,刘雪梅
c17087,陈秀云
c17088,王金凤
c17089,康秀梅
c17090,颜建华
c17091,刘欢
c17092,石建平
c17093,曲瑜
c17094,汪凯
c17095,胡艳
c17096,朱丽
c17097,胡金凤
c17098,彭桂芝
c17099,王宁
c17100,邹桂芝
c17101,李敏
c17102,张燕
c17103,骆健
c17104,张婷婷
c17105,葛梅
c17106,王涛
c17107,薛玉英
c17108,黄杰
c17109,戚佳
c17110,陈雪梅
c17111,顾玉英
c17112,王琳
c17113,夏想
c17114,郑玉兰
c17115,陈建军
c17116,佘金凤
c17117,王桂花
c17118,李坤
c17119,吴想
c17120,曹林
c17121,李敏
c17122,王桂香
c17123,王丽华
c17124,蔡洋
c17125,郭璐
c17126,邓海燕
c17127,何明
c17128,宋雷
c17129,杨凤英
c17130,杨斌
c17131,鞠宇
c17132,陈璐
c17133,姜利
c17134,郑兵
c17135,贾龙
c17136,叶秀梅
c17137,刘桂芝
c17138,胡健
c17139,段莉
c17140,白琳
c17141,李龙
c17142,陈小红
c17143,谭建平
c17144,钱荣
c17145,王秀梅
c17146,吴玉英
c17147,傅桂香
c17148,叶淑珍
c17149,李畅
c17150,萧杰
c17151,刘岩
c17152,章杰
c17153,张桂芳
c17154,熊丽华
c17155,李桂花
c17156,钟璐
c17157,朱桂兰
c17158,胡玉华
c17159,周玉珍
c17160,吴丹
c17161,张志强
c17162,李凤兰
c17163,周丹
c17164,邵玉
c17165,李欢
c17166,马淑珍
c17167,赵金凤
c17168,王伟
c17169,陈浩
c17170,何芳
c17171,刘东
c17172,高志强
c17173,曲淑华
c17174,李丽丽
c17175,林洁
c17176,沈佳
c17177,杨冬梅
c17178,王玉英
c17179,刘斌
c17180,李博
c17181,陈敏
c17182,梁峰
c17183,孙刚
c17184,夏丽丽
c17185,孙玉珍
c17186,王欢
c17187,常海燕
c17188,骆莉
c17189,徐利
c17190,吴瑞
c17191,伍建
c17192,穆强
c17193,范涛
c17194,杜秀华
c17195,李静
c17196,余兰英
c17197,杨佳
c17198,杨磊
c17199,刘静
c17200,朱欣
c17201,邵帆
c17202,张红梅
c17203,郑坤
c17204,朱冬梅
c17205,王平
c17206,滕凯
c17207,王玉珍
c17208,曹军
c17209,黄俊
c17210,张琴
c17211,赵云
c17212,许兵
c17213,刘慧
c17214,贾杰
c17215,梁红
c17216,熊利
c17217,韦晨
c17218,陈建华
c17219,罗宁
c17220,徐旭
c17221,黄成
c17222,鞠瑜
c17223,郭旭
c17224,张宇
c17225,黄想
c17226,何佳
c17227,曾艳
c17228,袁俊
c17229,陈玉珍
c17230,乔旭
c17231,张莹
c17232,殷亮
c17233,陈秀云
c17234,王凤兰
c17235,赵秀云
c17236,韩桂荣
c17237,耿淑华
c17238,张伟
c17239,涂平
c17240,何鑫
c17241,刘雷
c17242,邓桂芝
c17243,杨浩
c17244,韩玉英
c17245,李凯
c17246,谢玲
c17247,樊龙
c17248,黄燕
c17249,彭秀芳
c17250,程晨
c17251,张秀英
c17252,丁淑兰
c17253,王丽
c17254,林淑英
c17255,高红霞
c17256,叶玲
c17257,李雪
c17258,王彬
c17259,许桂兰
c17260,宋旭
c17261,刘亮
c17262,刘玉华
c17263,赵英
c17264,李兰英
c17265,贾玉兰
c17266,贾建平
c17267,乔秀华
c17268,曾凤兰
c17269,饶明
c17270,顾华
c17271,冯梅
c17272,潘春梅
c17273,易桂芳
c17274,黄桂芳
c17275,张玲
c17276,周晨
c17277,莫坤
c17278,孙莹
c17279,葛雷
c17280,杨龙
c17281,章斌
c17282,田鑫
c17283,高红霞
c17284,杨阳
c17285,温倩
c17286,赵欢
c17287,唐宁
c17288,董婷
c17289,张林
c17290,王凤英
c17291,王娟
c17292,孙玉英
c17293,赵桂兰
c17294,冉鹏
c17295,张春梅
c17296,萧东
c17297,李敏
c17298,曹雷
c17299,吴雷
c17300,成杰
c17301,胡岩
c17302,戴凤兰
c17303,周琴
c17304,王秀华
c17305,陈芳
c17306,高凤兰
c17307,韦欣
c17308,傅丹丹
c17309,岳杨
c17310,郑帆
c17311,韩岩
c17312,王倩
c17313,陈丽
c17314,李欣
c17315,梁婷
c17316,李海燕
c17317,李利
c17318,张飞
c17319,吴雷
c17320,吕金凤
c17321,戴颖
c17322,叶辉
c17323,敖凤英
c17324,陈桂花
c17325,段晨
c17326,赵浩
c17327,岳兰英
c17328,张浩
c17329,徐帅
c17330,贺想
c17331,郑峰
c17332,姜想
c17333,张倩
c17334,何静
c17335,沈丽丽
c17336,王红梅
c17337,韦晶
c17338,陈雪梅
c17339,王倩
c17340,陶莉
c17341,康海燕
c17342,刘柳
c17343,丁婷
c17344,单欢
c17345,李龙
c17346,祖建军
c17347,陈彬
c17348,李博
c17349,曹婷
c17350,陶华
c17351,黄利
c17352,邓鑫
c17353,张建军
c17354,胡桂荣
c17355,孟冬梅
c17356,李淑英
c17357,罗玉梅
c17358,沈桂荣
c17359,朱勇
c17360,傅桂芳
c17361,凌龙
c17362,周丽丽
c17363,沈芳
c17364,马华
c17365,陈玉珍
c17366,谢超
c17367,徐淑英
c17368,杨刚
c17369,雷桂香
c17370,李坤
c17371,钱建国
c17372,刘辉
c17373,张涛
c17374,刘博
c17375,贾华
c17376,陈桂芝
c17377,张敏
c17378,刘东
c17379,吴东
c17380,谢兰英
c17381,郑秀荣
c17382,姜荣
c17383,范飞
c17384,黄建
c17385,李敏
c17386,郭建
c17387,冯欣
c17388,黄利
c17389,王建国
c17390,刘玲
c17391,李凤兰
c17392,王超
c17393,熊梅
c17394,刘林
c17395,张斌
c17396,邓鹏
c17397,何凤英
c17398,母明
c17399,杨玉
c17400,江旭
c17401,汤璐
c17402,孙勇
c17403,韩楠
c17404,郭婷
c17405,王秀梅
c17406,李欢
c17407,曾亮
c17408,段玉梅
c17409,李柳
c17410,吕丽娟
c17411,徐俊
c17412,王桂兰
c17413,刘桂香
c17414,金欢
c17415,简林
c17416,尹梅
c17417,苟瑜
c17418,胡玉梅
c17419,陈丽
c17420,孔琴
c17421,张芳
c17422,张洋
c17423,王玉珍
c17424,贾金凤
c17425,刘博
c17426,应兵
c17427,裴海燕
c17428,王兵
c17429,李丽娟
c17430,张亮
c17431,耿燕
c17432,杨玉梅
c17433,刘欢
c17434,张兰英
c17435,郭婷婷
c17436,李桂兰
c17437,王瑞
c17438,孙龙
c17439,戴军
c17440,李鹏
c17441,郑桂珍
c17442,罗超
c17443,宁小红
c17444,王梅
c17445,何秀英
c17446,周浩
c17447,韦林
c17448,梁丹丹
c17449,李秀珍
c17450,谢桂芳
c17451,任雪
c17452,滕静
c17453,潘雷
c17454,汪桂英
c17455,王林
c17456,程海燕
c17457,周凯
c17458,梁秀芳
c17459,任飞
c17460,谭雷
c17461,何婷婷
c17462,梁秀英
c17463,马晶
c17464,程婷婷
c17465,雷畅
c17466,崔敏
c17467,王勇
c17468,王冬梅
c17469,梁淑华
c17470,罗桂荣
c17471,陈志强
c17472,王强
c17473,李洁
c17474,王桂芳
c17475,车红霞
c17476,萧晶
c17477,姚凯
c17478,洪玉梅
c17479,刘桂芝
