d10467,周洋
d10468,王桂英
d10469,杨欣
d10470,王玉珍
d10471,李桂珍
d10472,周杨
d10473,夏刚
d10474,王磊
d10475,霍倩
d10476,梁建平
d10477,马金凤
d10478,傅成
d10479,宫娜
d10480,李桂珍
d10481,胡英
d10482,国海燕
d10483,商燕
d10484,李云
d10485,葛桂芝
d10486,王晶
d10487,林宇
d10488,黄玲
d10489,仝洋
d10490,丁建华
d10491,张志强
d10492,徐秀英
d10493,邵鑫
d10494,黄健
d10495,苏柳
d10496,陈涛
d10497,蒋桂香
d10498,徐凤兰
d10499,倪红
d10500,李楠
d10501,刘瑞
d10502,蔡桂芳
d10503,黄玲
d10504,杨玲
d10505,武建军
d10506,陈洋
d10507,杨伟
d10508,杨丽
d10509,陈淑华
d10510,王博
d10511,田鑫
d10512,鞠想
d10513,刘梅
d10514,刘博
d10515,黄淑华
d10516,王旭
d10517,汪林
d10518,戴帆
d10519,田明
d10520,傅桂兰
d10521,封秀英
d10522,翁建华
d10523,林伟
d10524,常斌
d10525,黄飞
d10526,余婷
d10527,朱玉英
d10528,张强
d10529,李玉英
d10530,贺勇
d10531,董建平
d10532,李梅
d10533,郑淑珍
d10534,王超
d10535,姜磊
d10536,张超
d10537,王东
d10538,宋帅
d10539,高丽
d10540,赵瑜
d10541,邓欣
d10542,瞿鑫
d10543,张帅
d10544,韩玉珍
d10545,顾秀华
d10546,冯雪梅
d10547,王洋
d10548,石亮
d10549,罗杰
d10550,汪志强
d10551,袁勇
d10552,唐冬梅
d10553,周丹
d10554,徐博
d10555,刘博
d10556,秦玉兰
d10557,杨旭
d10558,张秀荣
d10559,龚雪梅
d10560,陈霞
d10561,赵婷
d10562,黄丹丹
d10563,石玉兰
d10564,崔红
d10565,田莉
d10566,苏龙
d10567,杜雷
d10568,田萍
d10569,王静
d10570,汪林
d10571,王秀云
d10572,吴秀芳
d10573,谭玉兰
d10574,游明
d10575,王洁
d10576,高宁
d10577,甘燕
d10578,樊刚
d10579,秦柳
d10580,张建国
d10581,戴小红
d10582,王萍
d10583,宋凤兰
d10584,石秀云
d10585,李飞
d10586,韩峰
d10587,张伟
d10588,姚玉英
d10589,林丽华
d10590,张明
d10591,邹秀芳
d10592,孔凯
d10593,白艳
d10594,伍云
d10595,徐畅
d10596,王想
d10597,罗柳
d10598,孙建平
d10599,李丽
d10600,李玉
d10601,李欣
d10602,曹雪梅
d10603,谢杰
d10604,王龙
d10605,张淑英
d10606,段旭
d10607,詹明
d10608,黄洋
d10609,林婷
d10610,韩博
d10611,刘明
d10612,丁娜
d10613,王佳
d10614,毛畅
d10615,周桂花
d10616,李桂花
d10617,贺桂荣
d10618,郭明
d10619,韩坤
d10620,王红梅
d10621,杨红
d10622,王凤兰
d10623,郝莉
d10624,刘磊
d10625,江荣
d10626,管莹
d10627,周敏
d10628,赵建平
d10629,江伟
d10630,马帅
d10631,徐丹
d10632,汤欢
d10633,李慧
d10634,盘晨
d10635,宋桂花
d10636,刘梅
d10637,苏博
d10638,孙慧
d10639,黄柳
d10640,刘梅
d10641,杜想
d10642,马桂芳
d10643,武伟
d10644,李秀英
d10645,刘秀英
d10646,刘建平
d10647,胡华
d10648,杨秀云
d10649,孟想
d10650,樊秀华
d10651,刘秀英
d10652,龙涛
d10653,侯健
d10654,郑瑞
d10655,王宇
d10656,汪林
d10657,马磊
d10658,周莉
d10659,吕平
d10660,蒲海燕
d10661,张娟
d10662,蔡峰
d10663,俞金凤
d10664,葛佳
d10665,温平
d10666,王淑华
d10667,李秀梅
d10668,余莹
d10669,李东
d10670,袁海燕
d10671,郝雷
d10672,刘婷婷
d10673,张晶
d10674,曲建国
d10675,赵颖
d10676,张倩
d10677,周柳
d10678,郑文
d10679,陈丽丽
d10680,李岩
d10681,邱强
d10682,王丹丹
d10683,钱峰
d10684,王彬
d10685,霍瑜
d10686,郭亮
d10687,韩旭
d10688,杨瑞
d10689,李秀英
d10690,鲍璐
d10691,蔡静
d10692,柯佳
d10693,王颖
d10694,陈丹丹
d10695,荆桂兰
d10696,唐兰英
d10697,陈文
d10698,刘兵
d10699,周雪
d10700,许宇
d10701,蔡玉梅
d10702,黄勇
d10703,李淑华
d10704,刘亮
d10705,安秀云
d10706,张勇
d10707,钟淑兰
d10708,黄涛
d10709,李丽华
d10710,张帆
d10711,杨芳
d10712,张秀梅
d10713,曾想
d10714,邹俊
d10715,钟桂芝
d10716,杨桂香
d10717,张浩
d10718,刘桂英
d10719,梁慧
d10720,王红霞
d10721,王建华
d10722,许玉华
d10723,王丽
d10724,吴淑英
d10725,金强
d10726,郭想
d10727,陈洁
d10728,万晨
d10729,赵红霞
d10730,王秀华
d10731,龙凯
d10732,李瑞
d10733,伍欢
d10734,刘玉珍
d10735,霍磊
d10736,张凤兰
d10737,邓涛
d10738,姜秀梅
d10739,田博
d10740,何凤兰
d10741,黄建平
d10742,潘芳
d10743,张玲
d10744,孙平
d10745,刘成
d10746,胡凤英
d10747,宗丽娟
d10748,杨东
d10749,卫雪梅
d10750,何瑞
d10751,李鑫
d10752,廖静
d10753,董桂兰
d10754,梁云
d10755,李林
d10756,沈坤
d10757,刘秀云
d10758,范秀荣
d10759,叶玉梅
d10760,董畅
d10761,王红
d10762,赵雷
d10763,江岩
d10764,王坤
d10765,边秀英
d10766,张宇
d10767,王华
d10768,应丽华
d10769,刘萍
d10770,秦刚
d10771,马桂香
d10772,徐东
d10773,曹玲
d10774,萧帅
d10775,李秀兰
d10776,曹玉梅
d10777,周颖
d10778,张峰
d10779,吴勇
d10780,陈华
d10781,林磊
d10782,王华
d10783,曾建平
d10784,张秀英
d10785,杜涛
d10786,郝建平
d10787,蒋雪梅
d10788,蒋秀珍
d10789,万云
d10790,王雪梅
d10791,雷婷
d10792,张玉珍
d10793,丁飞
d10794,刘华
d10795,陈杰
d10796,薛彬
d10797,崔鑫
d10798,何燕
d10799,冯东
d10800,施秀云
d10801,杨红
d10802,孙琳
d10803,王建
d10804,阎桂芝
d10805,温兵
d10806,沈雪梅
d10807,王萍
d10808,田磊
d10809,张洁
d10810,关琳
d10811,吴玉兰
d10812,蒋红梅
d10813,陆莹
d10814,徐飞
d10815,晁桂英
d10816,鞠芳
d10817,陈飞
d10818,季颖
d10819,陈建军
d10820,曾斌
d10821,孙慧
d10822,杨雪梅
d10823,谭丽娟
d10824,季丽娟
d10825,张超
d10826,薛燕
d10827,赵丽娟
d10828,王桂花
d10829,潘秀荣
d10830,韦洁
d10831,沈柳
d10832,王桂芳
d10833,施淑珍
d10834,白磊
d10835,郭海燕
d10836,张玉英
d10837,冯洁
d10838,薛超
d10839,许小红
d10840,萧辉
d10841,宋燕
d10842,冯强
d10843,李旭
d10844,张琴
d10845,朱建华
d10846,朱红梅
d10847,刘柳
d10848,郭雷
d10849,杨丽娟
d10850,陈秀芳
d10851,方旭
d10852,李兰英
d10853,王辉
d10854,倪凤兰
d10855,廖丽丽
d10856,陈旭
d10857,黄旭
d10858,韩桂芳
d10859,罗凯
d10860,陈雪
d10861,王小红
d10862,胡玲
d10863,王想
d10864,宋璐
d10865,刘坤
d10866,王静
d10867,马波
d10868,何辉
d10869,罗红霞
d10870,蔡丹
d10871,李凤英
d10872,苏淑珍
d10873,叶建国
d10874,石玉珍
d10875,杜春梅
d10876,权静
d10877,邹阳
d10878,陈玉华
d10879,谢芳
d10880,王淑英
d10881,王桂芳
d10882,兰雪
d10883,赵丽
d10884,马玉英
d10885,柳建平
d10886,穆杨
d10887,张成
d10888,罗丽华
d10889,张瑞
d10890,陈秀梅
d10891,姚红梅
d10892,蔡桂芝
d10893,杨娜
d10894,侯健
d10895,章秀云
d10896,罗雪
d10897,林淑华
d10898,刘岩
d10899,宋玉梅
d10900,张梅
d10901,张秀兰
d10902,陈秀梅
d10903,焦璐
d10904,陈鑫
d10905,何明
d10906,吴娟
d10907,邱丽华
d10908,蔡杰
d10909,张想
d10910,邢华
d10911,钱娜
d10912,冀玉英
d10913,李柳
d10914,娄建华
d10915,赵杰
d10916,李倩
d10917,张娜
d10918,张鹏
d10919,陈晶
d10920,刘桂芳
d10921,吕金凤
d10922,胡斌
d10923,朱柳
d10924,吴成
d10925,周桂荣
d10926,丁磊
d10927,江秀荣
d10928,詹敏
d10929,梁凤兰
d10930,张秀珍
d10931,丁刚
d10932,华莹
d10933,马红梅
d10934,宫岩
d10935,郭龙
d10936,王玲
d10937,孙军
d10938,石辉
d10939,冼文
d10940,刘丽娟
d10941,谭勇
d10942,刘利
d10943,陈帆
d10944,王小红
d10945,王红梅
d10946,胡勇
d10947,萧晶
d10948,张畅
d10949,王淑兰
d10950,张波
d10951,孙婷婷
d10952,孙萍
d10953,王玉英
d10954,张建
d10955,苗想
d10956,张玉华
d10957,唐桂珍
d10958,王伟
d10959,刘亮
d10960,孙磊
d10961,邱莉
d10962,黄丹
d10963,王龙
d10964,王旭
d10965,王桂芝
d10966,单华
d10967,李萍
d10968,郑想
d10969,张辉
d10970,阎桂香
d10971,杨雷
d10972,张刚
d10973,杨帆
d10974,杨丽娟
d10975,梁博
d10976,金小红
d10977,黄磊
d10978,胡建华
d10979,张小红
d10980,王欣
d10981,邓建
d10982,刘淑英
d10983,李桂芳
d10984,唐颖
d10985,侯博
d10986,黄秀华
d10987,邵洋
d10988,杨兵
d10989,刘芳
d10990,李淑华
d10991,罗洋
d10992,朱玉华
d10993,祝佳
d10994,石彬
d10995,李建平
d10996,周桂荣
d10997,李淑英
d10998,黄鹏
d10999,苏伟
d11000,刘玉兰
d11001,李秀英
d11002,史婷婷
d11003,廖飞
d11004,祁琳
d11005,陆凤兰
d11006,张杨
d11007,彭玲
d11008,葛凯
d11009,朱玉兰
d11010,项亮
d11011,王桂英
d11012,彭淑珍
d11013,苏淑英
d11014,黄雪
d11015,张博
d11016,罗雷
d11017,曹颖
d11018,许桂兰
d11019,顾芳
d11020,丁畅
d11021,王秀珍
d11022,梁冬梅
d11023,曹帅
d11024,张淑兰
d11025,沈兵
d11026,任桂芳
d11027,韩秀云
d11028,吴秀梅
d11029,郭杨
d11030,富建
d11031,王桂芳
d11032,张欣
d11033,邱兵
d11034,蒋楠
d11035,郑宁
d11036,王林
d11037,曾洋
d11038,孙秀兰
d11039,李海燕
d11040,屈丽丽
d11041,李玲
d11042,郑强
d11043,刘刚
d11044,王桂珍
d11045,王利
d11046,文梅
d11047,许琳
d11048,蒋洁
d11049,胡桂珍
d11050,郭小红
d11051,董芳
d11052,孙婷婷
d11053,张秀荣
d11054,吴瑜
d11055,赵燕
d11056,刘杨
d11057,李丽娟
d11058,乔雪
d11059,史娟
d11060,张娟
d11061,李雪梅
d11062,张宁
d11063,詹秀荣
d11064,姜芳
d11065,林秀芳
d11066,陶英
d11067,朱玉珍
d11068,王璐
d11069,赵帆
d11070,张柳
d11071,鲁岩
d11072,杨旭
d11073,鹿涛
d11074,吴龙
d11075,崔鹏
d11076,徐宇
d11077,萧桂英
d11078,谢辉
d11079,余莹
d11080,刘娜
d11081,姜兰英
d11082,张建
d11083,王海燕
d11084,苏雷
d11085,杨娟
d11086,刘玉华
d11087,边颖
d11088,宋秀芳
d11089,丁淑珍
d11090,马瑞
d11091,任金凤
d11092,李博
d11093,张玉梅
d11094,杨桂珍
d11095,曹琴
d11096,李璐
d11097,何凤兰
d11098,李平
d11099,刘凤英
d11100,胡雪
d11101,王雪
d11102,鞠丽华
d11103,陈红霞
d11104,晏楠
d11105,萧淑华
d11106,孙凤英
d11107,余淑英
d11108,刘伟
d11109,吕桂英
d11110,王小红
d11111,周楠
d11112,姜秀梅
d11113,杜秀珍
d11114,董帆
d11115,高丽丽
d11116,白兵
d11117,欧阳倩
d11118,陈峰
d11119,赵峰
d11120,孔龙
d11121,栗丹
d11122,陆璐
d11123,章帅
d11124,白成
d11125,周阳
d11126,吕琴
d11127,冯荣
d11128,陶英
d11129,李桂芝
d11130,柴秀荣
d11131,李凤兰
d11132,杜丹
d11133,杨伟
d11134,吴岩
d11135,周宁
d11136,冀玲
d11137,赵慧
d11138,刘洋
d11139,潘楠
d11140,许秀华
d11141,黄丽娟
d11142,陈峰
d11143,吴玉英
d11144,周红
d11145,陈华
d11146,李凤兰
d11147,李秀荣
d11148,阎阳
d11149,周秀珍
d11150,郑峰
d11151,徐鑫
d11152,康莹
d11153,左凤兰
d11154,陈凤英
d11155,农亮
d11156,宋莹
d11157,翟玉华
d11158,叶华
d11159,曹洁
d11160,邹利
d11161,徐浩
d11162,王利
d11163,赵玉梅
d11164,温红梅
d11165,杨志强
d11166,霍兰英
d11167,林秀兰
d11168,李利
d11169,郑明
d11170,蒋琳
d11171,白桂珍
d11172,唐伟
d11173,原丹
d11174,刘婷婷
d11175,张丽娟
d11176,鞠龙
d11177,张小红
d11178,赵鹏
d11179,杨艳
d11180,贾娜
d11181,冯建平
d11182,杨桂芝
d11183,徐桂芝
d11184,梁淑华
d11185,牛凤兰
d11186,杨亮
d11187,刘峰
d11188,张凤兰
d11189,郭秀华
d11190,翟桂荣
d11191,王亮
d11192,胡秀珍
d11193,张淑兰
d11194,郭霞
d11195,姚伟
d11196,李坤
d11197,胡涛
d11198,明平
d11199,孟丽丽
d11200,陈秀英
d11201,郭兵
d11202,何飞
d11203,赵金凤
d11204,郑飞
d11205,萧晨
d11206,苏想
d11207,苏秀珍
d11208,董玉
d11209,张飞
d11210,徐丹丹
d11211,曾宇
d11212,程杨
d11213,刘秀华
d11214,吕亮
d11215,郑秀英
d11216,任华
d11217,王红
d11218,吴荣
d11219,姜成
d11220,周琳
d11221,周磊
d11222,陶丽华
d11223,戴桂香
d11224,李桂荣
d11225,周鑫
d11226,邓建国
d11227,游鹏
d11228,马淑华
d11229,姜秀芳
d11230,霍华
d11231,秦磊
d11232,钟建
d11233,彭斌
d11234,林鑫
d11235,江娜
d11236,杨桂花
d11237,张坤
d11238,谭刚
d11239,陈丽娟
d11240,陆淑英
d11241,甘玉兰
d11242,李宇
d11243,高秀云
d11244,王兵
d11245,吴秀兰
d11246,唐志强
d11247,徐霞
d11248,杨桂芝
d11249,赵淑珍
d11250,刘洁
d11251,汪秀华
d11252,谢丹
d11253,陈淑英
d11254,康淑英
d11255,徐雪梅
d11256,谢璐
d11257,郑凯
d11258,吕丽娟
d11259,张桂珍
d11260,张慧
d11261,姚宇
d11262,罗雪梅
d11263,王欢
d11264,阎秀珍
d11265,孟敏
d11266,秦峰
d11267,高秀英
d11268,任涛
d11269,宋小红
d11270,胡坤
d11271,黄红梅
d11272,鲍雪梅
d11273,陆明
d11274,萧平
d11275,徐桂英
d11276,韩凤兰
d11277,刘雷
d11278,彭东
d11279,陈秀兰
d11280,潘鑫
d11281,向建军
d11282,尹文
d11283,童金凤
d11284,白凯
d11285,邱宁
d11286,朱文
d11287,张军
d11288,李璐
d11289,吴丹丹
d11290,陈桂花
d11291,崔秀华
d11292,田红霞
d11293,莫冬梅
d11294,郑桂兰
d11295,廖桂花
d11296,向秀梅
d11297,廖萍
d11298,宋强
d11299,陈琴
d11300,谢博
d11301,赵军
d11302,马芳
d11303,李淑华
d11304,陶辉
d11305,陈建华
d11306,卢婷
d11307,傅瑞
d11308,霍玉珍
d11309,张英
d11310,陈丽娟
d11311,马秀荣
d11312,余桂芳
d11313,王兰英
d11314,武想
d11315,王玉兰
d11316,陆淑珍
d11317,汪金凤
d11318,吴文
d11319,朱华
d11320,彭文
d11321,赵明
d11322,姬岩
d11323,李秀梅
d11324,梁浩
d11325,刘红梅
d11326,王琴
d11327,李莉
d11328,艾瑞
d11329,张淑珍
d11330,谢欢
d11331,何志强
d11332,刘畅
d11333,郭宇
d11334,陈刚
d11335,陈慧
d11336,朱俊
d11337,顾桂兰
d11338,连辉
d11339,秦海燕
d11340,陈静
d11341,蒲丽
d11342,杨楠
d11343,刘丹丹
d11344,杨瑞
d11345,邓俊
d11346,张建军
d11347,王畅
d11348,刘玉兰
d11349,冯丽丽
d11350,闻桂英
d11351,刘凤英
d11352,高文
d11353,赵玉英
d11354,王凤英
d11355,赵玉华
d11356,李东
d11357,石桂珍
d11358,冯宇
d11359,王桂兰
d11360,冯飞
d11361,陈阳
d11362,杨秀华
d11363,史杨
d11364,马秀珍
d11365,徐燕
d11366,袁洋
d11367,蒋秀英
d11368,李洋
d11369,葛玉华
d11370,陈俊
d11371,岳雪梅
d11372,魏博
d11373,王秀华
d11374,梁霞
d11375,张红
d11376,孟桂英
d11377,郑金凤
d11378,陆霞
d11379,叶玉英
d11380,陶建华
d11381,李阳
d11382,杨丽娟
d11383,潘建国
d11384,任明
d11385,谭璐
d11386,吴丹丹
d11387,周欢
d11388,陈想
d11389,晋桂香
d11390,梁倩
d11391,戴秀英
d11392,李莉
d11393,徐淑英
d11394,彭波
d11395,李建华
d11396,金洁
d11397,毕桂芝
d11398,范文
d11399,魏琳
d11400,帅莉
d11401,陈鑫
d11402,崔宇
d11403,赵敏
d11404,曾芳
d11405,顾丽
d11406,任楠
d11407,陈瑜
d11408,覃秀荣
d11409,高娜
d11410,石小红
d11411,郑莉
d11412,萧敏
d11413,何明
d11414,李阳
d11415,彭亮
d11416,杨明
d11417,古楠
d11418,熊丽丽
d11419,韦琳
d11420,刘金凤
d11421,王莉
d11422,涂畅
d11423,纪玉珍
d11424,陈淑英
d11425,康桂荣
d11426,周娟
d11427,蒋芳
d11428,陈欢
d11429,张桂香
d11430,田兵
d11431,薛建国
d11432,刘桂芳
d11433,兰淑英
d11434,陈桂荣
d11435,黄娟
d11436,王杰
d11437,程桂香
d11438,赵秀兰
d11439,彭丽华
d11440,何超
d11441,万峰
d11442,范淑珍
d11443,梁坤
d11444,朱勇
d11445,蒋柳
d11446,陈文
d11447,卢婷婷
d11448,董燕
d11449,李坤
d11450,王鹏
d11451,李秀荣
d11452,项兰英
d11453,王建国
d11454,李建国
d11455,苏坤
d11456,邹梅
d11457,李鑫
d11458,王玉
d11459,冯俊
d11460,江瑜
d11461,徐秀梅
d11462,袁桂兰
d11463,景浩
d11464,王伟
d11465,王凯
d11466,房慧
d11467,李林
d11468,姚静
d11469,王辉
d11470,彭玉英
d11471,范俊
d11472,刘丹丹
d11473,李丹
d11474,蒋莹
d11475,赵雪梅
d11476,李萍
d11477,魏玉英
d11478,王玉华
d11479,李浩
d11480,孙丽娟
d11481,裴欣
d11482,王俊
d11483,侯成
d11484,岳帆
d11485,杨玉华
d11486,农玉梅
d11487,刘秀云
d11488,邵云
d11489,朱建
d11490,费宁
d11491,吴玉珍
d11492,何洋
d11493,刘淑珍
d11494,张婷婷
d11495,杨冬梅
d11496,蔡秀荣
d11497,郑洁
d11498,张玉梅
d11499,孙峰
d11500,沙兰英
d11501,马桂香
d11502,蒲楠
d11503,盛建平
d11504,郑欢
d11505,向杰
d11506,朱秀芳
d11507,马玉华
d11508,揭秀珍
d11509,张辉
d11510,刘玉
d11511,高洁
d11512,田雷
d11513,何红
d11514,谢晨
d11515,施雷
d11516,谢林
d11517,黄淑华
d11518,张梅
d11519,赵秀兰
d11520,李莉
d11521,余秀珍
d11522,冼丽华
d11523,岳强
d11524,谭坤
d11525,张秀兰
d11526,侯成
d11527,曹莉
d11528,武红霞
d11529,乔玲
d11530,陈雷
d11531,黄超
d11532,徐凤英
d11533,刘婷
d11534,时磊
d11535,盘彬
d11536,许春梅
d11537,孙瑜
d11538,吴刚
d11539,张宁
d11540,王金凤
d11541,胡磊
d11542,吕金凤
d11543,张超
d11544,李琳
d11545,麻彬
d11546,施丽娟
d11547,王桂荣
d11548,姜玉
d11549,赵淑兰
d11550,刘成
d11551,邓岩
d11552,张玉
d11553,张桂香
d11554,黄柳
d11555,董宇
d11556,杨勇
d11557,吴龙
d11558,黄杨
d11559,陈淑兰
d11560,李玉
d11561,黄霞
d11562,柯丹
d11563,姚建国
d11564,邓飞
d11565,阮婷婷
d11566,萧冬梅
d11567,陈军
d11568,陈桂珍
d11569,汪刚
d11570,彭丽丽
d11571,蒋娟
d11572,黄玉梅
d11573,杨海燕
d11574,鞠洁
d11575,刘霞
d11576,马丽丽
d11577,杨秀荣
d11578,李欢
d11579,赵强
d11580,邹凤英
d11581,黄丽娟
d11582,刘颖
d11583,杨倩
d11584,罗丽华
d11585,夏亮
d11586,郭欢
d11587,吕刚
d11588,谭桂荣
d11589,王华
d11590,白玉华
d11591,赵丽丽
d11592,刘慧
d11593,文丽娟
d11594,王璐
d11595,柴丽丽
d11596,谢波
d11597,叶欣
d11598,秦玉
d11599,马娟
d11600,余玉梅
d11601,杨雪梅
d11602,黄倩
d11603,胡莹
d11604,杨丽
d11605,冯淑兰
d11606,吴玲
d11607,蒙博
d11608,高娜
d11609,陈丽华
d11610,罗柳
d11611,王桂花
d11612,白冬梅
d11613,黄洁
d11614,宋柳
d11615,封秀英
d11616,任鑫
d11617,宋柳
d11618,彭淑英
d11619,郭平
d11620,李斌
d11621,汪秀云
d11622,王洋
d11623,班勇
d11624,袁婷
d11625,王静
d11626,王颖
d11627,邵桂芳
d11628,沈婷婷
d11629,陈娜
d11630,张玉珍
d11631,李莹
d11632,邝建国
d11633,吴杨
d11634,丁婷婷
d11635,张桂兰
d11636,刘玲
d11637,徐雷
d11638,彭阳
d11639,仇亮
d11640,姜桂芝
d11641,刘小红
d11642,刘红霞
d11643,庞慧
d11644,王娜
d11645,陈玉英
d11646,曾颖
d11647,薄红
d11648,朱帆
d11649,张丹
d11650,王兵
d11651,王金凤
d11652,萧文
d11653,盛春梅
d11654,邢洁
d11655,张磊
d11656,杜桂花
d11657,王涛
d11658,温敏
d11659,乔岩
d11660,李晶
d11661,张敏
d11662,龙琴
d11663,陈东
d11664,周杰
d11665,祝琴
d11666,黄玉英
d11667,张超
d11668,童坤
d11669,张秀华
d11670,唐波
d11671,朱洁
d11672,唐涛
d11673,魏洁
d11674,龚红梅
d11675,徐丽丽
d11676,何慧
d11677,张畅
d11678,杨莉
d11679,朱涛
d11680,张冬梅
d11681,熊林
d11682,连涛
d11683,邢丽
d11684,赵桂珍
d11685,聂桂花
d11686,刘军
d11687,严明
d11688,李林
d11689,刘金凤
d11690,莫鑫
d11691,周霞
d11692,顾建
d11693,汤雪梅
d11694,陈红霞
d11695,孟丹丹
d11696,朱凤英
d11697,王健
d11698,黄玲
d11699,田波
d11700,张慧
d11701,田凤英
d11702,梁林
d11703,唐瑞
d11704,方玉英
d11705,王英
d11706,张阳
d11707,焦秀珍
d11708,方辉
d11709,杨红霞
d11710,虞秀梅
d11711,李淑英
d11712,王海燕
d11713,罗建华
d11714,王欣
d11715,邓丹
d11716,彭雷
d11717,郑兰英
d11718,陈涛
d11719,高洁
d11720,吴金凤
d11721,郝海燕
d11722,陈秀荣
d11723,周桂兰
d11724,姚秀荣
d11725,宋英
d11726,龚斌
d11727,晁淑英
d11728,智倩
d11729,贾雪
d11730,杨慧
d11731,王桂珍
d11732,田雷
d11733,谢军
d11734,田玲
d11735,马磊
d11736,刘桂香
d11737,王飞
d11738,李博
d11739,骆琴
d11740,郑颖
d11741,王春梅
d11742,熊浩
d11743,刘桂花
d11744,余秀华
d11745,李兰英
d11746,李丽
d11747,梁秀兰
d11748,柴欣
d11749,尤阳
d11750,蒲建
d11751,刘刚
d11752,匡畅
d11753,倪磊
d11754,陈伟
d11755,赵颖
d11756,姚秀梅
d11757,邵林
d11758,祁欣
d11759,邝杨
d11760,焦莹
d11761,方欢
d11762,莫桂芝
d11763,李宁
d11764,李畅
d11765,侯秀兰
d11766,周刚
d11767,杨丹丹
d11768,张峰
d11769,常兵
d11770,张莹
d11771,赵桂珍
d11772,罗桂芝
d11773,陈琳
d11774,覃桂荣
d11775,张淑英
d11776,杨晶
d11777,韩秀兰
d11778,邵金凤
d11779,阳琴
d11780,陆桂香
d11781,郭明
d11782,毕杨
d11783,徐明
d11784,徐丽娟
d11785,黄冬梅
d11786,陈丽
d11787,卢利
d11788,杨俊
d11789,谢旭
d11790,陈博
d11791,蔡斌
d11792,邓博
d11793,胡坤
d11794,陈峰
d11795,解海燕
d11796,张桂花
d11797,王兵
d11798,李淑华
d11799,冯玉
d11800,唐林
d11801,张欢
d11802,齐雷
d11803,钟畅
d11804,沈旭
d11805,李瑜
d11806,陈红梅
d11807,刘畅
d11808,林玉兰
d11809,刘志强
d11810,卞楠
d11811,向婷
d11812,赵冬梅
d11813,罗斌
d11814,颜波
d11815,魏玉珍
d11816,隋帅
d11817,温晶
d11818,陶春梅
d11819,刘东
d11820,王志强
d11821,王娟
d11822,刘俊
d11823,周军
d11824,张桂珍
d11825,陈刚
d11826,陈莉
d11827,王丽华
d11828,麻芳
d11829,王楠
d11830,郑敏
d11831,蔡博
d11832,李佳
d11833,黄刚
d11834,顾凯
d11835,李军
d11836,蒋建国
d11837,董宇
d11838,郭婷婷
d11839,洪伟
d11840,崔岩
d11841,萧博
d11842,郑强
d11843,梁彬
d11844,施莉
d11845,陈丽娟
d11846,雷莉
d11847,孙杨
d11848,张建华
d11849,尚建军
d11850,张玉
d11851,吴文
d11852,李梅
d11853,邵莹
d11854,迟霞
d11855,杨成
d11856,梁婷婷
d11857,周宇
d11858,罗建国
d11859,傅秀英
d11860,陈俊
d11861,陈阳
d11862,江梅
d11863,姚玲
d11864,杨雪梅
d11865,叶桂珍
d11866,陈秀芳
d11867,张帅
d11868,陈玉华
d11869,孙冬梅
d11870,郑丽丽
d11871,白辉
d11872,石玉兰
d11873,周红梅
d11874,牛云
d11875,王建平
d11876,窦荣
d11877,刘雪梅
d11878,宋丽娟
d11879,凌桂兰
d11880,黄霞
d11881,李桂珍
d11882,叶兰英
d11883,刘桂荣
d11884,霍博
d11885,陈晨
d11886,张亮
d11887,赵涛
d11888,赵英
d11889,陈秀芳
d11890,刘娜
d11891,王凤兰
d11892,石瑜
d11893,罗涛
d11894,包桂芝
d11895,向平
d11896,徐利
d11897,张帆
d11898,魏佳
d11899,夏琳
d11900,王洋
d11901,符志强
d11902,刘成
d11903,张秀芳
d11904,李雪
d11905,陈丽华
d11906,戴想
d11907,顾淑珍
d11908,王强
d11909,贺玉
d11910,胡琳
d11911,龚柳
d11912,潘小红
d11913,李芳
d11914,李璐
d11915,杜杨
d11916,张倩
d11917,吕莉
d11918,郭飞
d11919,张凤兰
d11920,郑丽华
d11921,吴明
d11922,杜佳
d11923,芮秀云
d11924,何娟
d11925,刘平
d11926,陈淑华
d11927,陈红霞
d11928,李利
d11929,马琴
d11930,刘婷婷
d11931,罗丽丽
d11932,胡淑珍
d11933,周雪
d11934,王红霞
d11935,李秀英
d11936,侯建军
d11937,王岩
d11938,时秀芳
d11939,何飞
d11940,刘东
d11941,向俊
d11942,朴华
d11943,陈玉英
d11944,阮欣
d11945,呼倩
d11946,虞涛
d11947,许鑫
d11948,吴建军
d11949,彭波
d11950,刘华
d11951,李燕
d11952,徐超
d11953,陆丹
d11954,陈金凤
d11955,郭欣
d11956,李楠
d11957,杨鹏
d11958,赵旭
d11959,刘雷
d11960,韦桂英
d11961,王玉英
d11962,赵玉华
d11963,罗秀英
d11964,李云
d11965,赵辉
d11966,乔浩
d11967,宋秀华
d11968,黄华
d11969,何博
d11970,周建军
d11971,杨晨
d11972,戴刚
d11973,刘秀荣
d11974,和洋
d11975,张柳
d11976,唐慧
d11977,杨阳
d11978,吴莉
d11979,刘利
d11980,洪海燕
d11981,秦淑兰
d11982,林健
d11983,周秀华
d11984,冯阳
d11985,郭伟
d11986,杜桂英
d11987,沈杰
d11988,何秀华
d11989,张军
d11990,高勇
d11991,李桂兰
d11992,黄敏
d11993,严玉兰
d11994,周飞
d11995,陈彬
d11996,缪飞
d11997,涂杰
d11998,王淑兰
d11999,李梅
d12000,王慧
d12001,罗桂英
d12002,李建军
d12003,王建军
d12004,赵帅
d12005,郭璐
d12006,饶丽丽
d12007,谢玉华
d12008,时玉梅
d12009,徐旭
d12010,刘洁
d12011,刘飞
d12012,季阳
d12013,何丽丽
d12014,信静
d12015,林荣
d12016,郑楠
d12017,张淑华
d12018,李丽华
d12019,涂荣
d12020,吕燕
d12021,杨倩
d12022,罗玉兰
d12023,张桂英
d12024,曾想
d12025,徐成
d12026,杨鹏
d12027,谢佳
d12028,雷秀荣
d12029,刘刚
d12030,徐凤英
d12031,李红霞
d12032,熊俊
d12033,马红霞
d12034,孟建
d12035,赵静
d12036,徐亮
d12037,曾秀兰
d12038,霍博
d12039,李萍
d12040,尹娜
d12041,何霞
d12042,罗瑞
d12043,何宇
d12044,左桂香
d12045,马成
d12046,王浩
d12047,张伟
d12048,蒋明
d12049,潘娜
d12050,曲帆
d12051,朱桂香
d12052,翟瑜
d12053,陈强
d12054,程娟
d12055,孙秀梅
d12056,陈秀华
d12057,张雪
d12058,郑淑珍
d12059,田涛
d12060,林淑华
d12061,毛红
d12062,王建军
d12063,欧凤兰
d12064,陶建国
d12065,马萍
d12066,王丽丽
d12067,罗敏
d12068,刘桂珍
d12069,冉雪
d12070,徐磊
d12071,黄玉兰
d12072,宋红梅
d12073,吴敏
d12074,蔡欣
d12075,胡慧
d12076,马玉
d12077,徐龙
d12078,杨瑜
d12079,王桂荣
d12080,王桂花
d12081,田勇
d12082,袁玲
d12083,刘明
d12084,李静
d12085,普海燕
d12086,刘英
d12087,刘娜
d12088,陈桂兰
d12089,华红
d12090,陆岩
d12091,刘桂兰
d12092,周秀华
d12093,徐波
d12094,侯涛
d12095,刘成
d12096,都平
d12097,张桂英
d12098,王颖
d12099,张东
d12100,耿欢
d12101,张琳
d12102,吴建
d12103,倪亮
d12104,吴英
d12105,李霞
d12106,杨莹
d12107,岳春梅
d12108,骆成
d12109,常建
d12110,罗斌
d12111,葛桂香
d12112,罗岩
d12113,王雷
d12114,洪浩
d12115,郭敏
d12116,陆建国
d12117,梁玉华
d12118,丁秀英
d12119,何冬梅
d12120,贾颖
d12121,邓欣
d12122,姜桂珍
d12123,许慧
d12124,李欣
d12125,傅鹏
d12126,蒋丹
d12127,陶璐
d12128,王辉
d12129,马婷
d12130,杨鑫
d12131,董晨
d12132,韩梅
d12133,张秀珍
d12134,王小红
d12135,周桂芳
d12136,丁凤兰
d12137,金杰
d12138,崔欣
d12139,程丹丹
d12140,雷旭
d12141,熊建平
d12142,王建平
d12143,李晨
d12144,邵秀珍
d12145,赵勇
d12146,李敏
d12147,刘帅
d12148,萧红霞
d12149,徐坤
d12150,汤阳
d12151,康建平
d12152,王想
d12153,杨桂香
d12154,王桂花
d12155,仲建军
d12156,郑桂荣
d12157,马鹏
d12158,郭敏
d12159,陶志强
d12160,许小红
d12161,黄建军
d12162,冉燕
d12163,常桂兰
d12164,周龙
d12165,王旭
d12166,曹洋
d12167,申秀英
d12168,洪磊
d12169,麦婷
d12170,林彬
d12171,韩凯
d12172,杨成
d12173,许志强
d12174,罗龙
d12175,余洋
d12176,彭宇
d12177,张桂香
d12178,杨瑜
d12179,马建国
d12180,左桂兰
d12181,陈红梅
d12182,阚玉华
d12183,张玉英
d12184,顾玉珍
d12185,刘刚
d12186,邱玉梅
d12187,刘桂荣
d12188,和龙
d12189,李强
d12190,唐丽
d12191,戴玉梅
d12192,聂凤英
d12193,郑辉
d12194,曾荣
d12195,许红
d12196,王玉英
d12197,盛建平
d12198,李金凤
d12199,王玲
d12200,陈军
d12201,王霞
d12202,陈成
d12203,周华
d12204,樊玉英
d12205,郑东
d12206,曾金凤
d12207,蒋磊
d12208,江明
d12209,刘鹏
d12210,施刚
d12211,赵文
d12212,蔡玉梅
d12213,袁红梅
d12214,赵红霞
d12215,来博
d12216,胡桂兰
d12217,杨梅
d12218,潘浩
d12219,胡玉英
d12220,陈金凤
d12221,侯建军
d12222,许勇
d12223,陈健
d12224,任琳
d12225,陈兰英
d12226,朱敏
d12227,郭晨
d12228,钟畅
d12229,商浩
d12230,周雪梅
d12231,张红梅
d12232,刘磊
d12233,李倩
d12234,龚畅
d12235,罗帆
d12236,程晶
d12237,张丽娟
d12238,仇凤英
d12239,徐海燕
d12240,尚想
d12241,张涛
d12242,韩博
d12243,李凤兰
d12244,王颖
d12245,张雪
d12246,张小红
d12247,张璐
d12248,仲洋
d12249,黄丽华
d12250,田岩
d12251,卢婷
d12252,黄杰
d12253,沈桂兰
d12254,赵霞
d12255,张冬梅
d12256,宋楠
d12257,杨楠
d12258,孙娟
d12259,李雷
d12260,朱莉
d12261,郑成
d12262,徐丹丹
d12263,刘飞
d12264,舒鑫
d12265,曹辉
d12266,李志强
d12267,萧莹
d12268,武浩
d12269,宋莹
d12270,谢云
d12271,赖建军
d12272,贾梅
d12273,杨亮
d12274,许波
d12275,高辉
d12276,王俊
d12277,张冬梅
d12278,高桂英
d12279,周鑫
d12280,夏荣
d12281,谢强
d12282,罗淑兰
d12283,王杨
d12284,毛芳
d12285,叶俊
d12286,马玉兰
d12287,邱玲
d12288,周静
d12289,夏雷
d12290,林雪梅
d12291,杜丽丽
d12292,程帆
d12293,刘云
d12294,李淑华
d12295,黄芳
d12296,潘凤兰
d12297,黄桂花
d12298,周波
d12299,吴敏
d12300,张利
d12301,吴林
d12302,王春梅
d12303,孙淑英
d12304,黄明
d12305,黄雪
d12306,卢秀梅
d12307,宋强
d12308,陈英
d12309,胡峰
d12310,宋丽娟
d12311,李欣
d12312,张建平
d12313,史小红
d12314,潘成
d12315,余佳
d12316,苏云
d12317,孙红梅
d12318,宁璐
d12319,杨秀荣
d12320,张雪梅
d12321,兰玉珍
d12322,李华
d12323,贾宁
d12324,单洁
d12325,武兰英
d12326,黄雷
d12327,喻慧
d12328,姚斌
d12329,王丽华
d12330,杨想
d12331,陈晨
d12332,刘鹏
d12333,袁平
d12334,张英
d12335,傅萍
d12336,隆欣
d12337,汪建
d12338,曾佳
d12339,傅桂兰
d12340,李晨
d12341,何红梅
d12342,蔡兰英
d12343,彭艳
d12344,高兰英
d12345,吴颖
d12346,罗成
d12347,林玉英
d12348,沈娜
d12349,许勇
d12350,谢军
d12351,马文
d12352,张凤兰
d12353,刘淑珍
d12354,魏玉梅
d12355,何桂芝
d12356,李林
d12357,林斌
d12358,殷建军
d12359,张娟
d12360,沈雪梅
d12361,张涛
d12362,马春梅
d12363,许秀荣
d12364,冯想
d12365,陈雷
d12366,李海燕
d12367,刘秀荣
d12368,覃杨
d12369,项洁
d12370,谭梅
d12371,李玉珍
d12372,雷冬梅
d12373,张平
d12374,陈丹丹
d12375,严宇
d12376,洪琴
d12377,张健
d12378,郭雪
d12379,王淑珍
d12380,陈秀荣
d12381,陈建军
d12382,王淑珍
d12383,常凤兰
d12384,江金凤
d12385,林坤
d12386,张俊
d12387,柴丽华
d12388,单雪梅
d12389,桂玉华
d12390,戴柳
d12391,王坤
d12392,李淑珍
d12393,刁秀芳
d12394,李斌
d12395,洪勇
d12396,李宇
d12397,朱慧
d12398,崔红梅
d12399,陈丹丹
d12400,孙浩
d12401,王梅
d12402,任秀芳
d12403,万强
d12404,张桂花
d12405,雷杨
d12406,李秀云
d12407,蔡楠
d12408,张凯
d12409,贺柳
d12410,邓丽丽
d12411,孟琳
d12412,萧芳
d12413,薛瑜
d12414,范颖
d12415,刘淑华
d12416,周金凤
d12417,张秀荣
d12418,刘欢
d12419,刘金凤
d12420,王秀梅
d12421,刘静
d12422,盖鹏
d12423,梁璐
d12424,王瑞
d12425,田峰
d12426,张玉珍
d12427,皮桂芝
d12428,李超
d12429,元畅
d12430,樊玉珍
d12431,张峰
d12432,任桂芳
d12433,袁雪梅
d12434,张波
d12435,李娟
d12436,杨秀英
d12437,吴琳
d12438,孙建军
d12439,高云
d12440,王梅
d12441,孙斌
d12442,胡玉梅
d12443,陈小红
d12444,陆璐
d12445,王红霞
d12446,麦淑兰
d12447,刘亮
d12448,李桂荣
d12449,陈丽华
d12450,周玉珍
d12451,曾莹
d12452,周秀芳
d12453,袁桂荣
d12454,邹超
d12455,徐丽丽
d12456,侯静
d12457,贾超
d12458,孟秀英
d12459,尚琴
d12460,苑瑞
d12461,赵丽娟
d12462,尹彬
d12463,王旭
d12464,邵小红
d12465,杨雪
d12466,谢成
d12467,黄俊
d12468,鞠丽华
d12469,向飞
d12470,宋婷婷
d12471,刘明
d12472,席丽娟
d12473,熊军
d12474,董丹
d12475,袁玉梅
d12476,严丹丹
d12477,伍洁
d12478,汪瑜
d12479,刘欣
d12480,解婷
d12481,李凯
d12482,夏秀云
d12483,张林
d12484,林萍
d12485,薛浩
d12486,林淑华
d12487,杨建
d12488,苟晨
d12489,胡丹丹
d12490,王秀云
d12491,陈旭
d12492,朱畅
d12493,沈秀兰
d12494,戚波
d12495,牟洁
d12496,冯桂芝
d12497,沈畅
d12498,熊淑英
d12499,王辉
d12500,丁瑜
d12501,杨丽丽
d12502,宋雪梅
d12503,王婷婷
d12504,黄秀梅
d12505,傅倩
d12506,宋婷
d12507,颜俊
d12508,黄桂荣
d12509,徐淑英
d12510,贺佳
d12511,王勇
d12512,王帆
d12513,张雪梅
d12514,蔡兵
d12515,屈颖
d12516,蒋旭
d12517,赵娟
d12518,舒辉
d12519,韦英
d12520,徐畅
d12521,李岩
d12522,郑玉珍
d12523,刘秀梅
d12524,孙博
d12525,王秀荣
d12526,贺丽
d12527,顾阳
d12528,赵晨
d12529,李淑英
d12530,张婷
d12531,程建
d12532,薛志强
d12533,张雪梅
d12534,李建军
d12535,裴倩
d12536,郭瑜
d12537,蒲彬
d12538,张雷
d12539,孟兵
d12540,张斌
d12541,张冬梅
d12542,黄淑兰
d12543,关雷
d12544,龚岩
d12545,梁秀兰
d12546,张春梅
d12547,田秀云
d12548,刘凯
d12549,黄淑珍
d12550,朱雷
d12551,陶玉珍
d12552,阎成
d12553,李荣
d12554,杨玉英
d12555,董平
d12556,崔平
d12557,王玉华
d12558,陈利
d12559,陈红梅
d12560,林琴
d12561,刘健
d12562,苏军
d12563,杨晨
d12564,胡东
d12565,安桂珍
d12566,王桂香
d12567,赵桂荣
d12568,刘琴
d12569,魏洁
d12570,李平
d12571,曾磊
d12572,宋伟
d12573,萧超
d12574,罗雪
d12575,梁洁
d12576,董凤英
d12577,李坤
d12578,周想
d12579,胡琴
d12580,张凤英
d12581,李成
d12582,邹欢
d12583,柳雷
d12584,李淑英
d12585,蒋云
d12586,梁玉珍
d12587,李磊
d12588,李彬
d12589,张坤
d12590,谢宇
d12591,安飞
d12592,李凯
d12593,陈琴
d12594,陶云
d12595,陈莉
d12596,辛兵
d12597,王玉英
d12598,刘阳
d12599,叶晶
d12600,姜娟
d12601,崔宇
d12602,夏燕
d12603,俞玉
d12604,南凤兰
d12605,陈兵
d12606,蒋莹
d12607,傅冬梅
d12608,马勇
d12609,麦刚
d12610,张霞
d12611,韩斌
d12612,陈建国
d12613,陈东
d12614,马健
d12615,方飞
d12616,唐秀荣
d12617,韩宁
d12618,黄桂花
d12619,王敏
d12620,胡建国
d12621,梁建华
d12622,农建
d12623,冯洁
d12624,齐雷
d12625,麦柳
d12626,周莹
d12627,方坤
d12628,仲兰英
d12629,吴宁
d12630,刘玉华
d12631,谢畅
d12632,刘勇
d12633,刘明
d12634,高红梅
d12635,刘玲
d12636,文彬
d12637,杨帅
d12638,庞想
d12639,徐丽丽
d12640,崔飞
d12641,周洋
d12642,涂秀英
d12643,许明
d12644,耿楠
d12645,陈燕
d12646,张坤
d12647,董桂兰
d12648,程浩
d12649,陈桂英
d12650,周晶
d12651,辛璐
d12652,吴颖
d12653,张凯
d12654,黎林
d12655,孙晨
d12656,蔡桂英
d12657,蓝博
d12658,王帆
d12659,李斌
d12660,韦斌
d12661,柯玉梅
d12662,王浩
d12663,童芳
d12664,阎雪
d12665,张秀荣
d12666,曾霞
d12667,王燕
d12668,张瑞
d12669,王宁
d12670,唐丹
d12671,廖健
d12672,鞠梅
d12673,刘柳
d12674,胡建国
d12675,瞿利
d12676,梁娜
d12677,孙淑兰
d12678,冀玉兰
d12679,郑凯
d12680,包桂芳
d12681,王婷
d12682,兰荣
d12683,魏琴
d12684,陈秀兰
d12685,林彬
d12686,焦军
d12687,刘俊
d12688,梁鹏
d12689,马慧
d12690,何欣
d12691,刘娜
d12692,马婷
d12693,李秀云
d12694,艾宁
d12695,雷雪
d12696,龙雪
d12697,伊金凤
d12698,赵丽
d12699,许宁
d12700,李亮
d12701,周雷
d12702,李莉
d12703,王兰英
d12704,黄桂英
d12705,舒秀兰
d12706,王倩
d12707,吉娟
d12708,刘想
d12709,赵丽丽
d12710,侯琴
d12711,施莉
d12712,刘燕
d12713,邱龙
d12714,王刚
d12715,秦淑英
d12716,冯丽丽
d12717,萧桂英
d12718,张秀英
d12719,窦玉
d12720,杨秀兰
d12721,周晶
d12722,廖峰
d12723,张红霞
d12724,黄静
d12725,邹娜
d12726,陈健
d12727,曹娜
d12728,李阳
d12729,李琴
d12730,邓利
d12731,沈建
d12732,宋洋
d12733,王涛
d12734,张兵
d12735,李云
d12736,梁小红
d12737,姚桂花
d12738,李丽娟
d12739,安雪梅
d12740,夏建华
d12741,徐秀梅
d12742,张倩
d12743,张帅
d12744,孟莉
d12745,杨丽娟
d12746,刘雷
d12747,张桂英
d12748,黄丽华
d12749,许晶
d12750,韩秀芳
d12751,王玉
d12752,王军
d12753,彭鹏
d12754,高雪梅
d12755,季玉兰
d12756,康岩
d12757,李玲
d12758,高倩
d12759,王璐
d12760,刘玉珍
d12761,韦凤兰
d12762,周英
d12763,杨静
d12764,庄刚
d12765,覃桂香
d12766,袁雪梅
d12767,蔺玉英
d12768,孙畅
d12769,林莉
d12770,谢刚
d12771,侯丹
d12772,冯辉
d12773,黄玉兰
d12774,帅秀云
d12775,朱海燕
d12776,吕艳
d12777,赵伟
d12778,陈桂荣
d12779,翟玉英
d12780,朱桂芳
d12781,徐兵
d12782,陆刚
d12783,郑红梅
d12784,李芳
d12785,张杨
d12786,李华
d12787,沈亮
d12788,吴彬
d12789,杨洋
d12790,姚龙
d12791,张建国
d12792,冯玉兰
d12793,马帆
d12794,叶丹丹
d12795,萧龙
d12796,陈冬梅
d12797,王娜
d12798,张东
d12799,韩冬梅
d12800,杨淑英
d12801,王小红
d12802,李娟
d12803,罗婷
d12804,蒋旭
d12805,刘平
d12806,徐淑兰
d12807,王萍
d12808,张晶
d12809,梁霞
d12810,陈帅
d12811,胡秀云
d12812,郭海燕
d12813,黄阳
d12814,宋桂芝
d12815,任兵
d12816,龚俊
d12817,花冬梅
d12818,林红霞
d12819,鲁博
d12820,何英
d12821,王阳
d12822,费敏
d12823,王坤
d12824,武玉英
d12825,叶丹
d12826,许丽娟
d12827,崔娟
d12828,盛颖
d12829,李想
d12830,高淑英
d12831,唐兵
d12832,赵玉兰
d12833,唐建平
d12834,邱桂花
d12835,杜桂香
d12836,周璐
d12837,刘娟
d12838,祝婷婷
d12839,陈建军
d12840,陈明
d12841,王秀珍
d12842,崔雪梅
d12843,安成
d12844,江鑫
d12845,房玉兰
d12846,刘佳
d12847,汤兵
d12848,刘英
d12849,徐斌
d12850,罗玉
d12851,李雪梅
d12852,胡婷婷
d12853,杨秀兰
d12854,张宇
d12855,王建国
d12856,田林
d12857,康欢
d12858,刘龙
d12859,吴颖
d12860,张淑英
d12861,施丹丹
d12862,乔波
d12863,刘冬梅
d12864,林雪
d12865,王艳
d12866,潘利
d12867,黄文
d12868,张建国
d12869,蒋强
d12870,马成
d12871,汪红霞
d12872,孟玉兰
d12873,徐凯
d12874,钟帆
d12875,曾浩
d12876,王建
d12877,赵凯
d12878,刘桂花
d12879,孔华
d12880,崔燕
d12881,李健
d12882,李杰
d12883,易建平
d12884,黄林
d12885,张淑珍
d12886,赵鑫
d12887,丛欢
d12888,刘俊
d12889,曹帅
d12890,任颖
d12891,林勇
d12892,钟兵
d12893,黎雪梅
d12894,董帅
d12895,侯帅
d12896,蔡荣
d12897,唐桂芳
d12898,李秀芳
d12899,庄强
d12900,王梅
d12901,裘柳
d12902,呼玲
d12903,陆鹏
d12904,田玉华
d12905,曾秀兰
d12906,康博
d12907,余鑫
d12908,宋桂珍
d12909,谭阳
d12910,安慧
d12911,蒙娟
d12912,郭芳
d12913,朱桂珍
d12914,冯杨
d12915,王柳
d12916,王凯
d12917,朱军
d12918,潘敏
d12919,李桂荣
d12920,方飞
d12921,梁秀芳
d12922,马勇
d12923,田莹
d12924,吕瑞
d12925,文艳
d12926,邓兵
d12927,周红霞
d12928,赵鹏
d12929,毛帅
d12930,杨建华
d12931,王霞
d12932,赵秀珍
d12933,高英
d12934,刘文
d12935,张帅
d12936,赵伟
d12937,黄磊
d12938,李桂珍
d12939,师红
d12940,杨洋
d12941,蔡柳
d12942,胡平
d12943,徐丹
d12944,阮晶
d12945,宋晶
d12946,马琳
d12947,李梅
d12948,武凯
d12949,彭桂芝
d12950,苏静
d12951,周想
d12952,李洋
d12953,杜娜
d12954,罗健
d12955,张涛
d12956,谢云
d12957,范飞
d12958,刘芳
d12959,宋丽
d12960,何琳
d12961,苏畅
d12962,张秀芳
d12963,施淑英
d12964,姚军
d12965,许华
d12966,赵飞
d12967,廖想
d12968,李兰英
d12969,徐刚
d12970,汪丽娟
d12971,庄燕
d12972,孟艳
d12973,李磊
d12974,郭浩
d12975,刘彬
d12976,王帆
d12977,张涛
d12978,黄静
d12979,王瑞
d12980,武梅
d12981,黄桂荣
d12982,徐敏
d12983,戴桂英
d12984,王芳
d12985,林红霞
d12986,徐雷
d12987,袁勇
d12988,吴淑华
d12989,王建国
d12990,庞宁
d12991,杨伟
d12992,李岩
d12993,陶浩
d12994,秦兰英
d12995,余莹
d12996,陈帅
d12997,张楠
d12998,刘琳
d12999,薛红梅
d13000,李璐
d13001,向飞
d13002,王晨
d13003,汪敏
d13004,杨宁
d13005,黄云
d13006,汪畅
d13007,方瑜
d13008,宋楠
d13009,王志强
d13010,陈荣
d13011,陈桂花
d13012,许刚
d13013,杨雪
d13014,李霞
d13015,王桂荣
d13016,王慧
d13017,谢小红
d13018,黄俊
d13019,王颖
d13020,贾琴
d13021,彭小红
d13022,郑琳
d13023,周云
d13024,崔佳
d13025,王凯
d13026,沈建
d13027,戴秀荣
d13028,王利
d13029,陈峰
d13030,邝桂兰
d13031,刘强
d13032,郑静
d13033,曾洋
d13034,陈敏
d13035,陈磊
d13036,胡雷
d13037,赵明
d13038,金云
d13039,陈帆
d13040,李瑜
d13041,赵帅
d13042,方想
d13043,温荣
d13044,谈鑫
d13045,孟成
d13046,孙桂香
d13047,赵萍
d13048,余刚
d13049,王霞
d13050,冯明
d13051,鞠秀芳
d13052,王琳
d13053,张桂芳
d13054,梁晨
d13055,薛俊
d13056,高杨
d13057,李桂珍
d13058,魏桂珍
d13059,李兰英
d13060,芦坤
d13061,叶辉
d13062,张桂花
d13063,李勇
d13064,彭艳
d13065,张桂香
d13066,贺红霞
d13067,左建国
d13068,钟刚
d13069,汪丹
d13070,何淑华
d13071,徐丹丹
d13072,魏雪
d13073,王桂芝
d13074,刘娜
d13075,罗涛
d13076,徐鑫
d13077,杨俊
d13078,程淑华
d13079,刘琴
d13080,张桂芳
d13081,董晶
d13082,向霞
d13083,陈桂兰
d13084,胡秀荣
d13085,徐帅
d13086,谈凤兰
d13087,孙玉
d13088,雷建
d13089,熊琴
d13090,吕波
d13091,张淑珍
d13092,刘帅
d13093,陆慧
d13094,邱芳
d13095,张佳
d13096,康健
d13097,孙海燕
d13098,李洋
d13099,王玉珍
d13100,朱建平
d13101,粟明
d13102,姚雪
d13103,王琴
d13104,丁博
d13105,丁帆
d13106,曹玉英
d13107,谢刚
d13108,李瑜
d13109,朱桂荣
d13110,苏晨
d13111,孙斌
d13112,殷阳
d13113,赵斌
d13114,余冬梅
d13115,刘凤兰
d13116,官倩
d13117,周桂荣
d13118,姚亮
d13119,王桂珍
d13120,刘瑞
d13121,刘磊
d13122,尹金凤
d13123,吴秀荣
d13124,李丽娟
d13125,黄娟
d13126,周霞
d13127,吴淑华
d13128,周玉梅
d13129,吉丹丹
d13130,刘凤兰
d13131,颜杰
d13132,安雪
d13133,陈波
d13134,陈艳
d13135,吴勇
d13136,朱健
d13137,梁霞
d13138,贾林
d13139,陈淑兰
d13140,刘秀兰
d13141,高金凤
d13142,沈秀英
d13143,罗瑜
d13144,陈娜
d13145,赵佳
d13146,李健
d13147,孙杰
d13148,童玉华
d13149,程桂荣
d13150,李晨
d13151,杜莹
d13152,李娟
d13153,李伟
d13154,李博
d13155,郭红梅
d13156,潘芳
d13157,蓝燕
d13158,曲婷婷
d13159,郭勇
d13160,唐丽
d13161,刘东
d13162,朱莉
d13163,张艳
d13164,廖玲
d13165,崔红梅
d13166,曹健
d13167,杨红
d13168,梁桂芳
d13169,黄鹏
d13170,金平
d13171,刘志强
d13172,李慧
d13173,雷小红
d13174,聂文
d13175,庞帆
d13176,赵超
d13177,穆倩
d13178,王莹
d13179,杨英
d13180,吴玲
d13181,胡小红
d13182,黄桂珍
d13183,刘桂荣
d13184,吴淑英
d13185,周龙
d13186,文兵
d13187,江春梅
d13188,吴雪
d13189,刘波
d13190,王林
d13191,周桂珍
d13192,夏桂花
d13193,王玉英
d13194,王玲
d13195,高建平
d13196,张璐
d13197,李柳
d13198,常桂香
d13199,蔡龙
d13200,许帆
d13201,苏桂香
d13202,李东
d13203,贾丽丽
d13204,刘萍
d13205,尚志强
d13206,杨玉
d13207,萧丽丽
d13208,孙艳
d13209,刘超
d13210,陈冬梅
d13211,陈欢
d13212,杨建国
d13213,王林
d13214,李晨
d13215,张雪梅
d13216,温利
d13217,蓝敏
d13218,宋欣
d13219,常健
d13220,刘红霞
d13221,王超
d13222,张红霞
d13223,雷桂香
d13224,吕军
d13225,汤丽华
d13226,刘艳
d13227,关斌
d13228,赵建华
d13229,戴桂珍
d13230,马云
d13231,杨明
d13232,任浩
d13233,宋红梅
d13234,钱超
d13235,黄军
d13236,吴海燕
d13237,满桂芝
d13238,李畅
d13239,钱桂香
d13240,陈婷婷
d13241,陈宁
d13242,夏冬梅
d13243,张林
d13244,刘浩
d13245,葛峰
d13246,马雪
d13247,郑峰
d13248,张雪梅
d13249,王洋
d13250,刘俊
d13251,李凤英
d13252,李淑珍
d13253,马颖
d13254,胡秀梅
d13255,隆莉
d13256,张芳
d13257,聂岩
d13258,蔡秀芳
d13259,宿健
d13260,李秀兰
d13261,马丽娟
d13262,程强
d13263,朱琴
d13264,翟凤英
d13265,姬建军
d13266,吴刚
d13267,伍浩
d13268,梁淑英
d13269,刘建军
d13270,李燕
d13271,聂秀云
d13272,董波
d13273,李秀梅
d13274,卢秀珍
d13275,祝静
d13276,戴坤
d13277,张玉兰
d13278,蔡淑华
d13279,包琳
d13280,杜杨
d13281,韩玉华
d13282,俞彬
d13283,胡志强
d13284,黄玉华
d13285,段芳
d13286,李淑英
d13287,高晶
d13288,王桂珍
d13289,卢婷婷
d13290,潘丽娟
d13291,王明
d13292,洪波
d13293,温鹏
d13294,马彬
d13295,文莹
d13296,苏丽娟
d13297,潘畅
d13298,童慧
d13299,胡桂香
d13300,王雪
d13301,徐静
d13302,康静
d13303,周华
d13304,闭兰英
d13305,毕金凤
d13306,赵刚
d13307,李晨
d13308,师岩
d13309,刘秀梅
d13310,宋岩
d13311,崔秀芳
d13312,黄超
d13313,许娟
d13314,孙红
d13315,金洋
d13316,胡旭
d13317,黎利
d13318,余超
d13319,常琴
d13320,许兵
d13321,张小红
d13322,翁建
d13323,侯淑华
d13324,杨波
d13325,孙桂兰
d13326,赵涛
d13327,李丽
d13328,张伟
d13329,邱秀华
d13330,任丹丹
d13331,陈博
d13332,周红
d13333,黄红梅
d13334,陈彬
d13335,邢婷
d13336,王秀梅
d13337,聂超
d13338,普秀华
d13339,梁红梅
d13340,梁婷
d13341,罗小红
d13342,郑涛
d13343,陈娜
d13344,熊杰
d13345,徐涛
d13346,杜萍
d13347,李建
d13348,赵杨
d13349,杨玉
d13350,周红
d13351,颜瑞
d13352,苏敏
d13353,赵凤英
d13354,余成
d13355,王静
d13356,杨霞
d13357,高建华
d13358,吴娜
d13359,刘欢
d13360,刘玉英
d13361,秦东
d13362,梁健
d13363,李萍
d13364,王娜
d13365,唐秀芳
d13366,聂伟
d13367,朱颖
d13368,曾芳
d13369,哈璐
d13370,谢明
d13371,武桂兰
d13372,杜岩
d13373,严秀英
d13374,刁雪
d13375,刘颖
d13376,吴婷
d13377,詹玉华
d13378,封亮
d13379,汤洋
d13380,田英
d13381,黄勇
d13382,黄林
d13383,李秀兰
d13384,李华
d13385,张晶
d13386,谢鑫
d13387,李秀兰
d13388,冯红梅
d13389,丁建华
d13390,应英
d13391,丁岩
d13392,谢海燕
d13393,王萍
d13394,曹淑兰
d13395,林建平
d13396,徐丽娟
d13397,颜文
d13398,祝文
d13399,谢磊
d13400,杨岩
d13401,冯霞
d13402,杨凤英
d13403,丁玉
d13404,张婷
d13405,萧杨
d13406,李霞
d13407,薛鑫
d13408,齐旭
d13409,蔡秀华
d13410,陈凤英
d13411,江婷婷
d13412,蒋雪梅
d13413,裴畅
d13414,王丹丹
d13415,石金凤
d13416,汪玲
d13417,俞博
d13418,彭玉兰
d13419,杨丹
d13420,杨冬梅
d13421,李涛
d13422,叶佳
d13423,徐桂英
d13424,李秀英
d13425,段建国
d13426,卢健
d13427,马宇
d13428,陆博
d13429,张宁
d13430,茅红霞
d13431,金霞
d13432,邓磊
d13433,朱超
d13434,徐博
d13435,许丽
d13436,顾建
d13437,杜强
d13438,秦梅
d13439,谢坤
d13440,吴丽丽
d13441,史磊
d13442,杨飞
d13443,李雪梅
d13444,黄浩
d13445,施凯
d13446,黄林
d13447,杨莉
d13448,白敏
d13449,骆静
d13450,张燕
d13451,梁英
d13452,徐云
d13453,李莹
d13454,王玲
d13455,朱洋
d13456,刘波
d13457,刘红
d13458,薛璐
d13459,张平
d13460,周晨
d13461,刘丹丹
d13462,张勇
d13463,马兵
d13464,李建
d13465,王玉华
d13466,张桂芝
d13467,滕莉
d13468,金畅
d13469,郎兵
d13470,林雷
d13471,赵龙
d13472,周伟
d13473,陈强
d13474,潘林
d13475,陈东
d13476,王佳
d13477,袁秀华
d13478,吴淑英
d13479,梁兰英
d13480,何婷
d13481,李桂花
d13482,叶凯
d13483,王荣
d13484,罗秀英
d13485,欧阳成
d13486,许秀荣
d13487,薛红
d13488,黄秀芳
d13489,张志强
d13490,杨红
d13491,周平
d13492,钟丽华
d13493,鲁玲
d13494,石丽
d13495,贺敏
d13496,刘斌
d13497,易坤
d13498,董霞
d13499,刘秀云
d13500,余健
d13501,高阳
d13502,胡小红
d13503,李强
d13504,邵洁
d13505,陈兵
d13506,管金凤
d13507,江勇
d13508,王建军
d13509,王芳
d13510,何海燕
d13511,张玉华
d13512,黄雷
d13513,黄建华
d13514,张桂花
d13515,胡小红
d13516,何秀荣
d13517,张雪
d13518,袁红霞
d13519,卢婷
d13520,黄桂珍
d13521,袁宇
d13522,陈凤兰
d13523,王洁
d13524,余浩
d13525,汪秀荣
d13526,潘桂芳
d13527,吕丹
d13528,杨鑫
d13529,黄静
d13530,张丹
d13531,周帅
d13532,杨杰
d13533,秦建军
d13534,熊桂芝
d13535,张玉英
d13536,邓莹
d13537,南云
d13538,傅玉珍
d13539,何秀珍
d13540,张飞
d13541,李畅
d13542,周英
d13543,杨鑫
d13544,何淑兰
d13545,马想
d13546,沈文
d13547,王娜
d13548,张秀梅
d13549,焦强
d13550,王林
d13551,范建国
d13552,黄涛
d13553,何磊
d13554,解莹
d13555,梁桂花
d13556,苏淑英
d13557,刘萍
d13558,陈雷
d13559,张勇
d13560,廖桂芝
d13561,花鹏
d13562,范斌
d13563,艾帆
d13564,韩楠
d13565,孙杨
d13566,赵成
d13567,陈帅
d13568,高淑华
d13569,门杨
d13570,孔刚
d13571,何旭
d13572,李凯
d13573,赵桂香
d13574,黄淑珍
d13575,杨建军
d13576,周兵
d13577,吴鑫
d13578,丁桂兰
d13579,周倩
d13580,吴刚
d13581,胡瑜
d13582,屈秀云
d13583,彭丽华
d13584,李晨
d13585,王桂荣
d13586,秦鹏
d13587,邢颖
d13588,贾丹
d13589,张杰
d13590,黄艳
d13591,章磊
d13592,王志强
d13593,韩成
d13594,林云
d13595,杨军
d13596,曹晶
d13597,江建华
d13598,刘丽丽
d13599,李雷
d13600,吴梅
d13601,赵鹏
d13602,李建军
d13603,王磊
d13604,刘丽丽
d13605,杨建平
d13606,李秀云
d13607,祝宁
d13608,许雪
d13609,吴秀云
d13610,李浩
d13611,李亮
d13612,倪辉
d13613,邱柳
d13614,刘东
d13615,罗萍
d13616,黎桂荣
d13617,刘文
d13618,王玉梅
d13619,王雷
d13620,彭丽华
d13621,康斌
d13622,史秀华
d13623,张燕
d13624,耿华
d13625,张斌
d13626,郑艳
d13627,刘超
d13628,周健
d13629,官畅
d13630,吕勇
d13631,梁冬梅
d13632,何凤英
d13633,王帆
d13634,张伟
d13635,郭玉梅
d13636,张超
d13637,戴莹
d13638,许玉华
d13639,李琳
d13640,张玲
d13641,苏建平
d13642,朱燕
d13643,戴琴
d13644,李雪
d13645,张波
d13646,徐玉华
d13647,吴彬
d13648,王凤兰
d13649,解成
d13650,陈静
d13651,陈勇
d13652,李阳
d13653,李倩
d13654,郭淑英
d13655,焦桂兰
d13656,高淑兰
d13657,苏艳
d13658,陆建军
d13659,蒋雷
d13660,郭桂荣
d13661,刘洁
d13662,陈桂兰
d13663,陈旭
d13664,包玉华
d13665,张博
d13666,郑萍
d13667,连莹
d13668,董英
d13669,朱燕
d13670,赵健
d13671,孙琳
d13672,金林
d13673,张莹
d13674,石敏
d13675,赵鑫
d13676,唐成
d13677,贾芳
d13678,吴玉梅
d13679,赵芳
d13680,邓莹
d13681,王英
d13682,谭凯
d13683,李峰
d13684,叶秀云
d13685,章颖
d13686,卢冬梅
d13687,陈瑜
d13688,王冬梅
d13689,姚涛
d13690,虞成
d13691,全欣
d13692,程斌
d13693,张凤兰
d13694,欧彬
d13695,温梅
d13696,周彬
d13697,孙欢
d13698,方燕
d13699,陈萍
d13700,彭建国
d13701,张浩
d13702,金玉珍
d13703,郭桂珍
d13704,姜建
d13705,张婷婷
d13706,陈雷
d13707,韩玉
d13708,罗慧
d13709,韦杨
d13710,张春梅
d13711,乔东
d13712,杨婷
d13713,郝海燕
d13714,张丹
d13715,温彬
d13716,马玲
d13717,张雪梅
d13718,刘勇
d13719,王洁
d13720,张玲
d13721,翁健
d13722,程玉兰
d13723,唐杨
d13724,李淑华
d13725,李兰英
d13726,曲玉兰
d13727,李莉
d13728,蔡红霞
d13729,张桂荣
d13730,白霞
d13731,庄梅
d13732,汤兵
d13733,徐淑英
d13734,王小红
d13735,王杨
d13736,王丽华
d13737,杜峰
d13738,李婷
d13739,熊颖
d13740,李玲
d13741,李想
d13742,胡玉
d13743,吴云
d13744,管秀荣
d13745,陈倩
d13746,娄龙
d13747,杨建
d13748,孟辉
d13749,吴亮
d13750,任荣
d13751,凌雷
d13752,王旭
d13753,周秀云
d13754,吴林
d13755,王建平
d13756,陈桂花
d13757,张慧
d13758,梁倩
d13759,陈莉
d13760,方林
d13761,胡凤兰
d13762,冉健
d13763,马丹丹
d13764,吴颖
d13765,朱秀华
d13766,陈志强
d13767,严玉珍
d13768,徐桂珍
d13769,胡伟
d13770,周鹏
d13771,王桂芝
d13772,任玉英
d13773,黄桂英
d13774,林林
d13775,姚东
d13776,袁建军
d13777,张晨
d13778,周红
d13779,黄帅
d13780,金林
d13781,孟丽
d13782,王军
d13783,罗宁
d13784,罗想
d13785,谭玉华
d13786,余旭
d13787,钱洁
d13788,方云
d13789,李颖
d13790,周丽
d13791,顾英
d13792,高涛
d13793,宋欢
d13794,杨杨
d13795,毕桂英
d13796,罗明
d13797,贾杨
d13798,管伟
d13799,李雪
d13800,杨玉珍
d13801,王建国
d13802,马华
d13803,陈雪梅
d13804,黄飞
d13805,李雪
d13806,袁婷
d13807,何桂兰
d13808,方宇
d13809,孙秀兰
d13810,李想
d13811,应浩
d13812,廖英
d13813,和淑英
d13814,王旭
d13815,向静
d13816,王兵
d13817,张欢
d13818,顾雪
d13819,唐瑞
d13820,马瑜
d13821,吴晶
d13822,马芳
d13823,石亮
d13824,严东
d13825,姜春梅
d13826,吴建军
d13827,张玉华
d13828,陈瑜
d13829,赵玉兰
d13830,杨杰
d13831,梁浩
d13832,罗春梅
d13833,梁健
d13834,王伟
d13835,赵亮
d13836,杨志强
d13837,唐涛
d13838,谷婷婷
d13839,刘阳
d13840,徐桂花
d13841,莫小红
d13842,甄杰
d13843,董超
d13844,张玲
d13845,胡萍
d13846,张平
d13847,胡颖
d13848,庞想
d13849,丛丽华
d13850,许雪
d13851,傅秀梅
d13852,黄飞
d13853,庞丹
d13854,李杰
d13855,金勇
d13856,韦琳
d13857,王艳
d13858,邰英
d13859,谈秀荣
d13860,刘勇
d13861,赵兵
d13862,张明
d13863,田洁
d13864,汪欣
d13865,陈英
d13866,尚俊
d13867,陈兰英
d13868,冯晨
d13869,王辉
d13870,张桂芝
d13871,张桂香
d13872,马芳
d13873,杜霞
d13874,张文
d13875,甘峰
d13876,林磊
d13877,龚建军
d13878,刘凯
d13879,韩博
d13880,蓝健
d13881,陆鑫
d13882,陈婷
d13883,李倩
d13884,张佳
d13885,王华
d13886,郑华
d13887,高慧
d13888,梁华
d13889,薛淑兰
d13890,王楠
d13891,黄波
d13892,王阳
d13893,许丽
d13894,刘秀兰
d13895,程雪
d13896,王洁
d13897,姚建平
d13898,许雪梅
d13899,吴洋
d13900,郑秀兰
d13901,龚晶
d13902,马琳
d13903,王桂荣
d13904,林龙
d13905,乔华
d13906,钟冬梅
d13907,周淑华
d13908,曹瑜
d13909,余雷
d13910,李宁
d13911,郑淑华
d13912,官健
d13913,张勇
d13914,朱秀芳
d13915,马坤
d13916,孙辉
d13917,韩秀华
d13918,江楠
d13919,王丹丹
d13920,唐佳
d13921,蔡斌
d13922,黄军
d13923,车芳
d13924,石凤兰
d13925,胡岩
d13926,陈冬梅
d13927,杨华
d13928,聂秀荣
d13929,张金凤
d13930,任淑英
d13931,佟超
d13932,罗俊
d13933,陶桂芳
d13934,王玉
d13935,袁斌
d13936,冀建平
d13937,凌宇
d13938,卢红
d13939,岑玉兰
d13940,彭阳
d13941,王建华
d13942,王雪
d13943,郭艳
d13944,谷林
d13945,刘兰英
d13946,赵勇
d13947,吴建
d13948,卢丹
d13949,周明
d13950,傅红霞
d13951,岳桂珍
d13952,莫瑜
d13953,史丹
d13954,陈平
d13955,卢林
