e0,何冬梅
e1,吴志强
e2,向博
e3,叶莉
e4,何倩
e5,傅凤英
e6,彭琳
e7,余秀芳
e8,侯俊
e9,赖佳
e10,葛雷
e11,董淑英
e12,耿冬梅
e13,谢晨
e14,张帅
e15,刘桂荣
e16,那璐
e17,王玉梅
e18,李秀梅
e19,张红梅
e20,刘瑞
e21,雷玉兰
e22,杜利
e23,王飞
e24,林桂珍
e25,王桂花
e26,蒋建国
e27,张峰
e28,朱淑华
e29,张帅
e30,陈荣
e31,杨桂花
e32,刘刚
e33,郭强
e34,朱强
e35,王琳
e36,萧丽
e37,周志强
e38,姜秀珍
e39,任淑兰
e40,符淑华
e41,萧芳
e42,金建国
e43,张宁
e44,周桂英
e45,李丽
e46,农桂香
e47,李飞
e48,梁晶
e49,李玉华
e50,黄英
e51,马桂珍
e52,刘利
e53,沈霞
e54,杨建华
e55,胡倩
e56,李健
e57,黄玉珍
e58,李丹
e59,钟桂花
e60,张建国
e61,黄龙
e62,吴辉
e63,姚玉珍
e64,孙晶
e65,杨红
e66,黄浩
e67,刘凯
e68,罗宇
e69,林丽华
e70,苏伟
e71,马鹏
e72,涂红
e73,周玉珍
e74,董桂香
e75,庞洋
e76,魏桂荣
e77,曹秀兰
e78,房丽华
e79,王丽
e80,杨桂兰
e81,陈成
e82,萧慧
e83,郑丽
e84,何亮
e85,王利
e86,高超
e87,吴军
e88,李红霞
e89,陈涛
e90,彭璐
e91,樊健
e92,陈亮
e93,杨欢
e94,韦丽
e95,曹鹏
e96,谈浩
e97,冯建军
e98,邓玉兰
e99,索娟
e100,刘佳
e101,那秀英
e102,孙婷
e103,刘秀梅
e104,龙红梅
e105,周龙
e106,牛萍
e107,王鹏
e108,李建军
e109,马建国
e110,李慧
e111,张玉华
e112,周红梅
e113,张彬
e114,赵龙
e115,张杰
e116,胡淑华
e117,王萍
e118,谭颖
e119,张峰
e120,唐静
e121,杜伟
e122,武柳
e123,赵琳
e124,莫俊
e125,徐超
e126,孙旭
e127,唐宇
e128,王倩
e129,盛玉
e130,李桂英
e131,张婷婷
e132,谢勇
e133,张金凤
e134,张健
e135,王龙
e136,陈霞
e137,宋洁
e138,费秀芳
e139,萧红
e140,王超
e141,游琳
e142,饶凯
e143,李峰
e144,陈璐
e145,吴莹
e146,黄涛
e147,李凤兰
e148,李晶
e149,李明
e150,胡强
e151,叶成
e152,吴荣
e153,李兰英
e154,邵芳
e155,刘旭
e156,邵坤
e157,李芳
e158,李丽
e159,李琳
e160,李桂香
e161,段柳
e162,李海燕
e163,周雪
e164,金雪
e165,陈兰英
e166,陈建
e167,李春梅
e168,王军
e169,邱凤兰
e170,王秀英
e171,王秀云
e172,唐勇
e173,顾桂珍
e174,王秀英
e175,解坤
e176,李秀芳
e177,马萍
e178,梁博
e179,谢春梅
e180,常兵
e181,黄明
e182,张兰英
e183,沈勇
e184,范坤
e185,卜璐
e186,程楠
e187,区玉兰
e188,覃杰
e189,刘刚
e190,张利
e191,刘莹
e192,李凤英
e193,姚淑华
e194,杨桂花
e195,熊帆
e196,郑桂香
e197,何静
e198,胡洋
e199,李玉华
e200,陈峰
e201,薛颖
e202,路建华
e203,孙丹
e204,郑成
e205,马柳
e206,陈佳
e207,徐鹏
e208,余雪
e209,刘桂香
e210,左桂兰
e211,唐秀云
e212,李颖
e213,唐畅
e214,王飞
e215,沈凤英
e216,李芳
e217,王秀梅
e218,周淑兰
e219,潘瑞
e220,沈玉兰
e221,杨雪梅
e222,杨楠
e223,陈荣
e224,马桂香
e225,黄利
e226,魏冬梅
e227,李桂花
e228,王凯
e229,吴超
e230,周雷
e231,郑帅
e232,王健
e233,郑雪梅
e234,张兰英
e235,董淑珍
e236,陈荣
e237,申洁
e238,段林
e239,杨洋
e240,刘洋
e241,陶洁
e242,王淑珍
e243,刘斌
e244,范敏
e245,蔡彬
e246,苏秀荣
e247,叶建
e248,张建平
e249,邹小红
e250,周丽华
e251,谢琳
e252,张强
e253,郭璐
e254,符莹
e255,李岩
e256,刘强
e257,瞿红
e258,钱娟
e259,李丽娟
e260,陆佳
e261,李桂珍
e262,董利
e263,周志强
e264,叶莉
e265,王丽
e266,刘建平
e267,唐丹丹
e268,穆玉华
e269,孙红梅
e270,孔红
e271,薛浩
e272,刘淑珍
e273,王刚
e274,谭兵
e275,刘勇
e276,冯志强
e277,胡鹏
e278,王玉梅
e279,罗刚
e280,刘明
e281,张志强
e282,李玉梅
e283,裴丽华
e284,康楠
e285,李红
e286,尚海燕
e287,郭桂兰
e288,傅波
e289,刘彬
e290,杨桂英
e291,王彬
e292,王欢
e293,黄红
e294,赵晶
e295,王桂芳
e296,赵桂兰
e297,刘玲
e298,梁桂芝
e299,曹婷婷
e300,杨桂芳
e301,王凤兰
e302,崔文
e303,陈秀云
e304,韩春梅
e305,麦云
e306,陈荣
e307,邱玲
e308,黄瑜
e309,杨淑英
e310,曹玉珍
e311,杨璐
e312,刁玲
e313,王雪
e314,李玉英
e315,丛燕
e316,李萍
e317,谢强
e318,赵华
e319,鞠宁
e320,何帆
e321,杨建军
e322,李旭
e323,段娜
e324,赵建军
e325,李宇
e326,张瑞
e327,马桂兰
e328,陈玉华
e329,李雷
e330,何柳
e331,李建平
e332,王雷
e333,解丹
e334,李洋
e335,冯倩
e336,徐玉珍
e337,王玉珍
e338,陈兵
e339,王海燕
e340,郑帅
e341,郑秀英
e342,王丽丽
e343,郭柳
e344,陈瑞
e345,赖利
e346,王杨
e347,杨婷
e348,张楠
e349,张雪
e350,冯冬梅
e351,何慧
e352,刘娜
e353,赵鑫
e354,芮平
e355,谌静
e356,吉瑞
e357,田伟
e358,窦艳
e359,刘岩
e360,石彬
e361,李璐
e362,裘静
e363,张秀荣
e364,李小红
e365,郝柳
e366,刘兵
e367,陈龙
e368,龚玉梅
e369,陆红
e370,赵秀珍
e371,唐秀云
e372,曾凤兰
e373,朱坤
e374,刘文
e375,陈颖
e376,陆玉梅
e377,徐辉
e378,吴洋
e379,史飞
e380,鞠帅
e381,栾阳
e382,李桂芝
e383,杨辉
e384,梁莉
e385,刘宇
e386,王成
e387,罗明
e388,王淑英
e389,梁楠
e390,梁建华
e391,马洁
e392,张兰英
e393,史玉梅
e394,雷红霞
e395,李淑珍
e396,邹建华
e397,吕秀珍
e398,谢帅
e399,杨博
e400,王岩
e401,王秀英
e402,李红霞
e403,高斌
e404,黄佳
e405,梁琳
e406,陈东
e407,李红霞
e408,文雪
e409,林婷婷
e410,张小红
e411,周平
e412,雷雪梅
e413,唐浩
e414,吴琳
e415,黎丽
e416,张丹丹
e417,邓倩
e418,吕阳
e419,苏秀英
e420,王博
e421,刘波
e422,刘海燕
e423,张杰
e424,徐刚
e425,蔡淑华
e426,王晨
e427,张鑫
e428,向秀兰
e429,杨鑫
e430,王雪梅
e431,沈晨
e432,彭桂花
e433,陈淑兰
e434,罗勇
e435,周荣
e436,谢明
e437,王雷
e438,蔡超
e439,贾明
e440,张丽丽
e441,戴云
e442,蔡晨
e443,陈涛
e444,陈玉梅
e445,宋阳
e446,刘丹丹
e447,李金凤
e448,庞建国
e449,周桂芝
e450,许建军
e451,刘秀云
e452,周建国
e453,丁秀云
e454,邓艳
e455,吴玲
e456,谭利
e457,武健
e458,阎慧
e459,程勇
e460,王凤兰
e461,王岩
e462,张金凤
e463,兰秀芳
e464,毕晨
e465,张建平
e466,陈辉
e467,梅成
e468,段佳
e469,唐勇
e470,吴超
e471,贾利
e472,张楠
e473,牛伟
e474,王兰英
e475,王婷
e476,王秀珍
e477,陈琴
e478,李梅
e479,徐帅
e480,翟桂花
e481,李涛
e482,陈坤
e483,高萍
e484,吕鑫
e485,晏桂荣
e486,孙明
e487,张玉英
e488,周秀芳
e489,沙桂香
e490,谭丹
e491,蔡涛
e492,苏桂兰
e493,张娜
e494,刘桂荣
e495,国晶
e496,王波
e497,王玉梅
e498,林洁
e499,查杰
e500,熊淑英
e501,高红霞
e502,杨春梅
e503,卢雪
e504,马晨
e505,岳晶
e506,樊雷
e507,马霞
e508,何强
e509,周桂珍
e510,林金凤
e511,王淑英
e512,蒲红
e513,贾丽丽
e514,宋玲
e515,朱丽
e516,杨帅
e517,范坤
e518,张玉兰
e519,文丽丽
e520,张婷
e521,姚梅
e522,李秀英
e523,陈兰英
e524,袁海燕
e525,姬楠
e526,谢静
e527,徐秀云
e528,吴志强
e529,高丹
e530,吴涛
e531,耿平
e532,黄峰
e533,张瑜
e534,杨桂英
e535,王婷婷
e536,杨玉华
e537,高华
e538,姜柳
e539,杨娟
e540,徐秀兰
e541,倪淑华
e542,李瑜
e543,萧鹏
e544,周刚
e545,杨欢
e546,陈淑英
e547,郭霞
e548,潘建军
e549,黄秀兰
e550,张丹丹
e551,王俊
e552,杨东
e553,王磊
e554,陈涛
e555,赵丽
e556,彭桂兰
e557,胡红梅
e558,马燕
e559,苏宁
e560,陈磊
e561,宗强
e562,陈秀兰
e563,杨斌
e564,莫兵
e565,陆桂珍
e566,佟文
e567,覃娟
e568,赵婷
e569,路丽丽
e570,王婷婷
e571,方萍
e572,祁艳
e573,李洁
e574,卓文
e575,甘想
e576,金欢
e577,陈颖
e578,王桂芝
e579,司晶
e580,刘畅
e581,杨海燕
e582,刘龙
e583,郭红梅
e584,谢佳
e585,曾伟
e586,晏强
e587,杨勇
e588,罗浩
e589,孔金凤
e590,王淑珍
e591,马欢
e592,徐红
e593,王畅
e594,王玲
e595,许芳
e596,周秀芳
e597,马桂芝
e598,郑红霞
e599,马雪
e600,沈荣
e601,李兰英
e602,蔡海燕
e603,韩帅
e604,张鹏
e605,农晶
e606,黄浩
e607,张坤
e608,张荣
e609,侯芳
e610,孙桂香
e611,成佳
e612,罗娜
e613,陈桂花
e614,张莉
e615,王东
e616,牟雷
e617,黄林
e618,张玲
e619,李刚
e620,李峰
e621,吴秀华
e622,梁霞
e623,辛金凤
e624,沈建平
e625,刘倩
e626,林桂花
e627,段健
e628,任志强
e629,黄斌
e630,莫鹏
e631,汤晶
e632,汪刚
e633,刘磊
e634,张鹏
e635,汤丽
e636,董瑞
e637,杨丽华
e638,华亮
e639,赵秀芳
e640,王洁
e641,孙玲
e642,萧平
e643,张娜
e644,涂旭
e645,杨凤兰
e646,胡洁
e647,梁丽华
e648,张莹
e649,姚丽丽
e650,胡秀荣
e651,胡娜
e652,赵丽
e653,黄浩
e654,郑芳
e655,韩建平
e656,田莉
e657,李东
e658,龚娟
e659,马霞
e660,王凯
e661,周想
e662,杨旭
e663,刘洋
e664,刘杰
e665,覃畅
e666,师凤兰
e667,展英
e668,蔡桂兰
e669,骆畅
e670,赵玲
e671,洪伟
e672,尹凤兰
e673,海红霞
e674,麻阳
e675,颜金凤
e676,李红霞
e677,冷玉兰
e678,余博
e679,解雪
e680,李雪梅
e681,李东
e682,何玲
e683,何文
e684,方霞
e685,吴柳
e686,王雪梅
e687,刘秀英
e688,兰桂芝
e689,洪成
e690,莫鑫
e691,张冬梅
e692,李红梅
e693,郭慧
e694,彭岩
e695,刘雪梅
e696,包秀云
e697,牟波
e698,雷金凤
e699,张静
e700,谢璐
e701,孙玉兰
e702,张萍
e703,敬玉珍
e704,孙兰英
e705,李春梅
e706,徐桂兰
e707,申浩
e708,王秀兰
e709,路文
e710,钟凯
e711,李建军
e712,黄刚
e713,董亮
e714,季燕
e715,沈建华
e716,张洁
e717,王秀珍
e718,李磊
e719,刘丽丽
e720,屈磊
e721,李丽娟
e722,王瑞
e723,刘瑜
e724,刘帅
e725,张成
e726,蔡娜
e727,李畅
e728,蔡勇
e729,王晶
e730,郭雪梅
e731,隋桂芳
e732,杨金凤
e733,刘璐
e734,廖柳
e735,高利
e736,吕波
e737,金凤英
e738,黄飞
e739,王浩
e740,敬红
e741,王桂花
e742,张成
e743,董琴
e744,卢春梅
e745,孙玉英
e746,冯杰
e747,朱玉英
e748,杨欢
e749,孙萍
e750,王超
e751,王敏
e752,曾峰
e753,杨桂芝
e754,秦浩
e755,李丽丽
e756,李想
e757,程洁
e758,姚淑兰
e759,秦娜
e760,刘磊
e761,杨成
e762,林超
e763,李鹏
e764,周志强
e765,张勇
e766,高梅
e767,王霞
e768,王金凤
e769,武燕
e770,冯红
e771,王楠
e772,宋凤英
e773,吴萍
e774,蒋秀华
e775,李秀珍
e776,邓明
e777,孙建华
e778,陆彬
e779,萧燕
e780,尹杨
e781,林帅
e782,齐凯
e783,沈玉华
e784,王斌
e785,岳丽
e786,马秀兰
e787,李宇
e788,秦玉英
e789,骆成
e790,李兵
e791,刘佳
e792,田丽丽
e793,赵凯
e794,李淑英
e795,彭倩
e796,刘丽丽
e797,严莹
e798,杨云
e799,邹兵
e800,李文
e801,梁秀华
e802,程畅
e803,张金凤
e804,王丽丽
e805,卫秀芳
e806,余玲
e807,崔淑兰
e808,李红
e809,奚建国
e810,卜春梅
e811,刘华
e812,周丽华
e813,夏玉梅
e814,杨兵
e815,王慧
e816,郑俊
e817,罗兰英
e818,冯萍
e819,张浩
e820,钟华
e821,马阳
e822,孔莹
e823,熊秀英
e824,张倩
e825,俞云
e826,陈桂珍
e827,阳丽
e828,萧凯
e829,周志强
e830,何明
e831,周桂荣
e832,钟静
e833,黄欣
e834,邓春梅
e835,杨凤英
e836,胡桂荣
e837,王秀英
e838,杨佳
e839,陆秀荣
e840,唐欣
e841,王建国
e842,王秀芳
e843,刘俊
e844,李凤英
e845,高丽丽
e846,曾华
e847,杨慧
e848,刘红
e849,朱娟
e850,徐霞
e851,曲丹丹
e852,赵娜
e853,罗帅
e854,杨琴
e855,张帅
e856,李柳
e857,季想
e858,刘荣
e859,熊平
e860,吴瑞
e861,刘超
e862,冯秀云
e863,刘桂珍
e864,郑静
e865,刘海燕
e866,汪丽华
e867,耿杰
e868,喻雪梅
e869,杨畅
e870,何宁
e871,谭柳
e872,许桂兰
e873,宋楠
e874,梁淑英
e875,谢丽丽
e876,龙志强
e877,谢淑华
e878,张玉珍
e879,杨宁
e880,田慧
e881,王荣
e882,李建
e883,刘玉
e884,文鑫
e885,韩强
e886,朱海燕
e887,赵淑兰
e888,陈波
e889,李平
e890,曹建华
e891,田霞
e892,姜淑英
e893,萧斌
e894,姚秀梅
e895,刘宇
e896,刘桂花
e897,张红梅
e898,兰杨
e899,夏阳
e900,王建华
e901,李波
e902,乔建国
e903,孙艳
e904,银琳
e905,邓敏
e906,韩勇
e907,崔龙
e908,戴明
e909,杨建平
e910,王玲
e911,张淑珍
e912,童凤英
e913,田军
e914,罗东
e915,张淑华
e916,陈佳
e917,曾宁
e918,贾红
e919,谢玉英
e920,田玉珍
e921,罗欢
e922,刘龙
e923,刘秀珍
e924,段辉
e925,王红
e926,王建军
e927,姚秀英
e928,王玉兰
e929,李淑珍
e930,张冬梅
e931,杨杰
e932,周荣
e933,张丹
e934,李云
e935,李洋
e936,杨秀华
e937,李秀英
e938,张强
e939,胡俊
e940,王璐
e941,赵丽娟
e942,李丹丹
e943,王燕
e944,曹琴
e945,王玉英
e946,姚辉
e947,魏莉
e948,贾淑兰
e949,汪娜
e950,秦瑜
e951,刘亮
e952,陈洋
e953,陈想
e954,李丹丹
e955,熊建平
e956,冯雷
e957,孙霞
e958,余娟
e959,刘阳
e960,朱丽娟
e961,邱建华
e962,许强
e963,戴慧
e964,程娜
e965,贾楠
e966,陈兵
e967,王桂香
e968,杨浩
e969,黄娟
e970,崔秀荣
e971,萧雷
e972,童华
e973,袁秀华
e974,陆丽娟
e975,李龙
e976,武欣
e977,彭淑英
e978,赵淑兰
e979,高秀英
e980,萧俊
e981,刘丹
e982,谢旭
e983,黄洋
e984,黄东
e985,吴明
e986,易飞
e987,杨丽娟
e988,马岩
e989,李玉华
e990,徐建平
e991,李鑫
e992,姜帆
e993,樊勇
e994,张彬
e995,杜萍
e996,龙玉珍
e997,王佳
e998,李琴
e999,罗小红
e1000,赫凤英
e1001,刘玲
e1002,陈飞
e1003,邹玉珍
e1004,庄龙
e1005,邵红梅
e1006,潘桂香
e1007,高淑珍
e1008,李玉英
e1009,张桂芝
e1010,张博
e1011,杨建国
e1012,王琳
e1013,李玉梅
e1014,刘丹
e1015,王桂珍
e1016,鲁芳
e1017,李楠
e1018,王洁
e1019,张桂芳
e1020,秦想
e1021,杜秀云
e1022,孙娟
e1023,柏强
e1024,贾杨
e1025,甘楠
e1026,刘建国
e1027,徐璐
e1028,柴雷
e1029,成强
e1030,朴秀兰
e1031,何玉兰
e1032,谭柳
e1033,尚雷
e1034,孙建
e1035,杨丹
e1036,杨莹
e1037,王淑华
e1038,柳凯
e1039,孙玉珍
e1040,李文
e1041,许雷
e1042,王亮
e1043,张桂香
e1044,尹雪
e1045,芮楠
e1046,张丽
e1047,雷丹
e1048,胡桂香
e1049,黄磊
e1050,刘建国
e1051,杨飞
e1052,范梅
e1053,李莉
e1054,房红
e1055,黄斌
e1056,房利
e1057,蒋淑珍
e1058,李旭
e1059,汤云
e1060,吴颖
e1061,李娜
e1062,张刚
e1063,张龙
e1064,罗红
e1065,林强
e1066,钱岩
e1067,李畅
e1068,徐红梅
e1069,吴明
e1070,萧淑英
e1071,雷静
e1072,张畅
e1073,邓玉珍
e1074,岳鹏
e1075,刘强
e1076,杜丽
e1077,郭晨
e1078,赵健
e1079,胡鑫
e1080,管俊
e1081,洪丽
e1082,黄帆
e1083,李敏
e1084,李秀华
e1085,林丽华
e1086,董亮
e1087,牟刚
e1088,周梅
e1089,杨兵
e1090,唐琳
e1091,秦利
e1092,邱秀珍
e1093,陈涛
e1094,练雪梅
e1095,孙桂荣
e1096,刘磊
e1097,刘晨
e1098,崔丽
e1099,潘林
e1100,罗芳
e1101,刘玲
e1102,徐宁
e1103,李秀梅
e1104,韦慧
e1105,夏冬梅
e1106,卢佳
e1107,李莉
e1108,张莉
e1109,章莉
e1110,王丹
e1111,汤旭
e1112,史丽娟
e1113,沈玉
e1114,李小红
e1115,黄娜
e1116,倪秀华
e1117,胡凤兰
e1118,葛欢
e1119,钟鹏
e1120,李倩
e1121,张博
e1122,朱红梅
e1123,陈秀华
e1124,张丽华
e1125,杜磊
e1126,李娟
e1127,林欣
e1128,郑建
e1129,陈玉兰
e1130,李俊
e1131,侯雷
e1132,朱颖
e1133,杨鑫
e1134,张荣
e1135,王春梅
e1136,孙柳
e1137,何鑫
e1138,罗畅
e1139,周玉华
e1140,程宇
e1141,张丽娟
e1142,张秀兰
e1143,李洋
e1144,刘淑珍
e1145,王欢
e1146,李波
e1147,李洋
e1148,胡雪
e1149,薛玉华
e1150,范涛
e1151,樊俊
e1152,侯玉梅
e1153,梁淑珍
e1154,李建
e1155,廖凯
e1156,邹建
e1157,黄秀梅
e1158,苟秀英
e1159,盛桂荣
e1160,田桂兰
e1161,詹莉
e1162,董娟
e1163,唐建国
e1164,李燕
e1165,王彬
e1166,黄雪梅
e1167,段宁
e1168,宋娟
e1169,苏楠
e1170,焦淑兰
e1171,黄萍
e1172,蔡玉华
e1173,刘浩
e1174,陈淑珍
e1175,尹建平
e1176,吴磊
e1177,施明
e1178,张玉兰
e1179,廖强
e1180,黄博
e1181,杨建平
e1182,刘雪梅
e1183,朱旭
e1184,黄玉
e1185,唐红霞
e1186,徐艳
e1187,薛秀云
e1188,李淑兰
e1189,欧龙
e1190,李璐
e1191,冯洁
e1192,兰超
e1193,吴帅
e1194,严桂珍
e1195,谢建国
e1196,马秀兰
e1197,罗杰
e1198,褚楠
e1199,李磊
e1200,徐建
e1201,刘春梅
e1202,马建军
e1203,甘欣
e1204,杜雪梅
e1205,左莹
e1206,陈丹丹
e1207,莫淑兰
e1208,马瑜
e1209,杨瑞
e1210,陈艳
e1211,蔡伟
e1212,杨红霞
e1213,贾玉
e1214,谢莹
e1215,徐波
e1216,张玉华
e1217,孙华
e1218,文凤兰
e1219,吴杰
e1220,张鹏
e1221,梁建国
e1222,刘志强
e1223,马丽丽
e1224,张军
e1225,梁飞
e1226,韦小红
e1227,王洁
e1228,魏超
e1229,汪娜
e1230,方涛
e1231,王金凤
e1232,张淑珍
e1233,谢桂芝
e1234,李洋
e1235,李建军
e1236,陶斌
e1237,崔伟
e1238,石欢
e1239,姜玉
e1240,万慧
e1241,徐金凤
e1242,李萍
e1243,王静
e1244,康畅
e1245,张超
e1246,胡建平
e1247,张淑华
e1248,马杨
e1249,安雷
e1250,王英
e1251,边娜
e1252,郭超
e1253,刘兵
e1254,曹玉梅
e1255,张建华
e1256,王兵
e1257,李欢
e1258,陈华
e1259,李强
e1260,文雷
e1261,丁敏
e1262,刘璐
e1263,蒋慧
e1264,杨丽丽
e1265,罗博
e1266,张利
e1267,刘丹丹
e1268,李芳
e1269,李坤
e1270,张秀云
e1271,袁利
e1272,刘军
e1273,邹志强
e1274,杜飞
e1275,陈霞
e1276,左东
e1277,熊洁
e1278,钟冬梅
e1279,胡瑞
e1280,张红梅
e1281,林桂芝
e1282,朱鹏
e1283,张金凤
e1284,孟浩
e1285,温杨
e1286,甘凤兰
e1287,牛楠
e1288,李柳
e1289,许秀华
e1290,王军
e1291,谈强
e1292,朱玉梅
e1293,蓝娟
e1294,王桂兰
e1295,董建华
e1296,徐帆
e1297,田秀珍
e1298,林金凤
e1299,宋秀英
e1300,王桂芝
e1301,朱辉
e1302,周春梅
e1303,王明
e1304,郭霞
e1305,王秀英
e1306,顾桂荣
e1307,左鹏
e1308,潘博
e1309,祖淑兰
e1310,王建华
e1311,郭玉兰
e1312,王刚
e1313,吕琳
e1314,金凤兰
e1315,沈淑珍
e1316,杨欣
e1317,厉雷
e1318,邓桂珍
e1319,刘兵
e1320,欧阳婷婷
e1321,黄荣
e1322,赵建
e1323,单建国
e1324,骆博
e1325,霍欢
e1326,杜峰
e1327,高涛
e1328,严阳
e1329,苏瑞
e1330,刘峰
e1331,钟秀云
e1332,娄秀梅
e1333,贺华
e1334,班梅
e1335,兰秀梅
e1336,刘燕
e1337,陈燕
e1338,吴玉兰
e1339,郑峰
e1340,谢梅
e1341,段想
e1342,贾莹
e1343,马鑫
e1344,李秀英
e1345,叶淑英
e1346,董桂兰
e1347,朱博
e1348,陈冬梅
e1349,汪军
e1350,李柳
e1351,张瑜
e1352,张娟
e1353,欧阳婷婷
e1354,詹琴
e1355,黄芳
e1356,洪秀珍
e1357,傅冬梅
e1358,林兵
e1359,何磊
e1360,张欢
e1361,阮刚
e1362,裴秀芳
e1363,姚柳
e1364,黄畅
e1365,李平
e1366,欧明
e1367,陶秀珍
e1368,郭文
e1369,刘瑞
e1370,李畅
e1371,李华
e1372,郭莹
e1373,金淑英
e1374,王丽华
e1375,董涛
e1376,柴雷
e1377,张佳
e1378,刘艳
e1379,甘淑英
e1380,张凤英
e1381,韩燕
e1382,刘桂香
e1383,赵林
e1384,陆雪梅
e1385,翟晨
e1386,吴洁
e1387,李明
e1388,杨勇
e1389,杜玉梅
e1390,吴雪
e1391,夏玉兰
e1392,王桂荣
e1393,王小红
e1394,李畅
e1395,熊洁
e1396,杨红霞
e1397,薛淑兰
e1398,王柳
e1399,李秀华
e1400,徐桂荣
e1401,赵玉华
e1402,刘亮
e1403,潘欢
e1404,王坤
e1405,郭淑珍
e1406,任燕
e1407,任丽
e1408,张敏
e1409,张淑珍
e1410,邹秀梅
e1411,郑旭
e1412,杨涛
e1413,张桂花
e1414,顾博
e1415,裘玉英
e1416,张雪梅
e1417,张杨
e1418,唐建平
e1419,阎鑫
e1420,何琴
e1421,巩红霞
e1422,刘桂珍
e1423,邵东
e1424,农丽丽
e1425,林淑英
e1426,兰桂芳
e1427,杨玉兰
e1428,李红梅
e1429,何华
e1430,李建
e1431,安瑜
e1432,张佳
e1433,萧桂花
e1434,魏颖
e1435,李建国
e1436,李桂香
e1437,蒋杰
e1438,王秀珍
e1439,龚兰英
e1440,吴帆
e1441,何宇
e1442,潘勇
e1443,刘颖
e1444,乔彬
e1445,赖建国
e1446,刘淑华
e1447,兰丽华
e1448,吴玉英
e1449,沈岩
e1450,刘博
e1451,卢彬
e1452,陈璐
e1453,王斌
e1454,宋玉华
e1455,翟敏
e1456,张秀华
e1457,陈小红
e1458,谢云
e1459,孙博
e1460,李玉珍
e1461,贺红梅
e1462,李博
e1463,姜淑华
e1464,俞桂英
e1465,李军
e1466,陈晨
e1467,丁文
e1468,沈波
e1469,张梅
e1470,何莉
e1471,张建军
e1472,张宁
e1473,徐丽华
e1474,杨秀珍
e1475,陈淑华
e1476,穆玉珍
e1477,高娟
e1478,应秀华
e1479,韩辉
e1480,彭金凤
e1481,李华
e1482,郭龙
e1483,邓雪梅
e1484,丁楠
e1485,徐宇
e1486,赵龙
e1487,陈帆
e1488,杭荣
e1489,陈刚
e1490,田伟
e1491,潘建军
e1492,周伟
e1493,孙凤英
e1494,罗凯
e1495,孟鹏
e1496,吕军
e1497,田玉
e1498,王秀华
e1499,段磊
e1500,李鹏
e1501,何凯
e1502,戚楠
e1503,崔颖
e1504,王柳
e1505,孙秀珍
e1506,苏芳
e1507,陈建军
e1508,钟宇
e1509,卢玉兰
e1510,陈凤英
e1511,覃秀云
e1512,黄桂花
e1513,李斌
e1514,骆冬梅
e1515,王龙
e1516,陈飞
e1517,陈倩
e1518,林凤英
e1519,李红霞
e1520,孙丽
e1521,樊杰
e1522,吕玉英
e1523,仲浩
e1524,郭玉梅
e1525,程丹丹
e1526,丁建华
e1527,母秀荣
e1528,王静
e1529,李建华
e1530,刘楠
e1531,孟芳
e1532,王慧
e1533,翁桂芳
e1534,赵文
e1535,房阳
e1536,李柳
e1537,周秀荣
e1538,徐兵
e1539,姚丽
e1540,李洁
e1541,甘燕
e1542,冯桂花
e1543,蔡建军
e1544,罗秀英
e1545,薛婷婷
e1546,刘欢
e1547,段洁
e1548,林秀芳
e1549,马桂珍
e1550,张磊
e1551,李海燕
e1552,彭鹏
e1553,戴婷婷
e1554,江健
e1555,凌利
e1556,毛雪
e1557,戴凯
e1558,王玉华
e1559,汪颖
e1560,蒋淑华
e1561,施博
e1562,申健
e1563,李玉英
e1564,钟桂芳
e1565,罗晶
e1566,蒋伟
e1567,张静
e1568,杨丹丹
e1569,蒋燕
e1570,刘龙
e1571,刘磊
e1572,常畅
e1573,杨荣
e1574,贾斌
e1575,李龙
e1576,苏凤兰
e1577,邓玲
e1578,陈淑珍
e1579,曹玉英
e1580,胡丽娟
e1581,朱建国
e1582,鞠玉梅
e1583,李博
e1584,李莉
e1585,宋淑华
e1586,兰淑英
e1587,陈娜
e1588,殷瑜
e1589,林军
e1590,吴柳
e1591,孟红梅
e1592,刘阳
e1593,夏梅
e1594,范婷婷
e1595,吴桂珍
e1596,谢杰
e1597,王燕
e1598,黄建国
e1599,曹平
e1600,赵丽华
e1601,曹瑞
e1602,马娜
e1603,潘斌
e1604,陈志强
e1605,林玉珍
e1606,陶桂芳
e1607,王桂芝
e1608,王华
e1609,黄东
e1610,蒙玉梅
e1611,张浩
e1612,申凯
e1613,蒋琴
e1614,魏秀芳
e1615,曹桂荣
e1616,邓华
e1617,解淑兰
e1618,樊红梅
e1619,孙桂香
e1620,汤杰
e1621,刘敏
e1622,万琴
e1623,钟想
e1624,孙军
e1625,金建华
e1626,张英
e1627,马桂兰
e1628,罗宁
e1629,明欢
e1630,黎淑兰
e1631,张龙
e1632,何云
e1633,赵伟
e1634,陈秀梅
e1635,王丽丽
e1636,毕勇
e1637,周芳
e1638,李婷
e1639,盖淑兰
e1640,米小红
e1641,张艳
e1642,纪颖
e1643,张明
e1644,黄琴
e1645,李桂芝
e1646,潘雷
e1647,刘桂荣
e1648,张亮
e1649,雷淑珍
e1650,郭亮
e1651,金娟
e1652,温成
e1653,陈瑜
e1654,宋红霞
e1655,崔璐
e1656,晏明
e1657,沈凤英
e1658,严秀梅
e1659,廖秀珍
e1660,马博
e1661,黄想
e1662,张娜
e1663,郭秀芳
e1664,黄鑫
e1665,牟建军
e1666,张杨
e1667,敬云
e1668,孟桂英
e1669,杨莹
e1670,袁超
e1671,周秀华
e1672,金龙
e1673,雷秀兰
e1674,李强
e1675,傅超
e1676,周龙
e1677,张波
e1678,张健
e1679,刘莉
e1680,吴晶
e1681,何龙
e1682,秦龙
e1683,罗斌
e1684,李淑兰
e1685,苏建华
e1686,林想
e1687,唐桂芳
e1688,杨秀兰
e1689,王磊
e1690,马波
e1691,朱洁
e1692,黄敏
e1693,吴婷婷
e1694,张瑞
e1695,吴彬
e1696,熊博
e1697,刘军
e1698,宋鹏
e1699,殷兰英
e1700,郭玉英
e1701,王刚
e1702,李旭
e1703,熊伟
e1704,刘想
e1705,王涛
e1706,叶桂英
e1707,陈宁
e1708,梁淑兰
e1709,王桂花
e1710,李波
e1711,李超
e1712,秦涛
e1713,徐宁
e1714,杨娟
e1715,姜凯
e1716,邵军
e1717,王瑞
e1718,刘旭
e1719,曾辉
e1720,吴秀兰
e1721,林峰
e1722,刘斌
e1723,李凤兰
e1724,郭浩
e1725,杨红霞
e1726,王红
e1727,王柳
e1728,古涛
e1729,孙东
e1730,林红梅
e1731,谢淑华
e1732,杨娟
e1733,孙桂珍
e1734,郭峰
e1735,李桂英
e1736,靳建国
e1737,刘丽娟
e1738,何健
e1739,樊健
e1740,罗晨
e1741,尹燕
e1742,刘婷
e1743,林楠
e1744,蒋建军
e1745,甘云
e1746,况志强
e1747,白红梅
e1748,姚帆
e1749,胡博
e1750,谢浩
e1751,李璐
e1752,文志强
e1753,牛倩
e1754,杨洋
e1755,何淑英
e1756,朱兵
e1757,刘婷婷
e1758,向东
e1759,王林
e1760,祝飞
e1761,胡健
e1762,孟宁
e1763,陈明
e1764,刘博
e1765,郑建
e1766,郭晨
e1767,郭冬梅
e1768,岳建国
e1769,姚芳
e1770,柳瑜
e1771,杨彬
e1772,许冬梅
e1773,刘旭
e1774,吴芳
e1775,黄柳
e1776,陈红
e1777,胡娜
e1778,王晨
e1779,龙龙
e1780,罗兵
e1781,谢凯
e1782,黄婷
e1783,朱婷
e1784,吴佳
e1785,许畅
e1786,关淑珍
e1787,杜兰英
e1788,林飞
e1789,李瑞
e1790,萧建
e1791,毛磊
e1792,郭建国
e1793,胡敏
e1794,赵萍
e1795,李宁
e1796,唐莉
e1797,罗英
e1798,田秀云
e1799,王波
e1800,邓欢
e1801,王玉珍
e1802,高丽娟
e1803,陈秀梅
e1804,李欣
e1805,李文
e1806,李秀华
e1807,谭瑜
e1808,安桂香
e1809,宋斌
e1810,胡雷
e1811,刘丽华
e1812,章丽华
e1813,卢亮
e1814,文桂荣
e1815,田彬
e1816,卢颖
e1817,姚瑜
e1818,梁丽华
e1819,曹飞
e1820,陈倩
e1821,王秀华
e1822,邢宇
e1823,马琴
e1824,刘萍
e1825,侯雷
e1826,何燕
e1827,吕红霞
e1828,刘欣
e1829,宋鹏
e1830,滕桂英
e1831,喻玉梅
e1832,梁云
e1833,范桂香
e1834,邓秀英
e1835,刘军
e1836,梅凯
e1837,朱荣
e1838,陈秀兰
e1839,何玉梅
e1840,冯磊
e1841,洪东
e1842,王雪
e1843,冯金凤
e1844,叶辉
e1845,马彬
e1846,王杨
e1847,任凤兰
e1848,谭志强
e1849,蒋辉
e1850,萧帆
e1851,刘淑英
e1852,廖刚
e1853,彭畅
e1854,黄建平
e1855,周淑珍
e1856,王飞
e1857,王玉梅
e1858,杨琴
e1859,王欣
e1860,曾欢
e1861,李鹏
e1862,吴春梅
e1863,曹英
e1864,王琴
e1865,成洋
e1866,陈娜
e1867,许红
e1868,谢健
e1869,周小红
e1870,张玲
e1871,包金凤
e1872,连刚
e1873,李淑英
e1874,沈红霞
e1875,朱楠
e1876,杨淑兰
e1877,王玉梅
e1878,萧倩
e1879,徐明
e1880,官利
e1881,唐桂芳
e1882,母鑫
e1883,叶军
e1884,刘建平
e1885,黄小红
e1886,艾涛
e1887,蒲秀云
e1888,邱春梅
e1889,李秀兰
e1890,谢磊
e1891,张龙
e1892,万莉
e1893,郎桂芝
e1894,奚欣
e1895,孙俊
e1896,潘淑珍
e1897,方雪
e1898,黄颖
e1899,纪玉华
e1900,周慧
e1901,吴建军
e1902,阎凤兰
e1903,朱洋
e1904,陆燕
e1905,张桂花
e1906,李帅
e1907,萧淑兰
e1908,杨萍
e1909,王娜
e1910,刘志强
e1911,聂婷婷
e1912,李莉
e1913,罗明
e1914,滕建
e1915,周桂香
e1916,全云
e1917,刘坤
e1918,王淑珍
e1919,王秀华
e1920,袁健
e1921,韩坤
e1922,许婷
e1923,李桂兰
e1924,常欣
e1925,袁桂花
e1926,刘云
e1927,曹秀芳
e1928,贾博
e1929,王刚
e1930,张莉
e1931,张龙
e1932,郑林
e1933,吕欢
e1934,王涛
e1935,刘建
e1936,许浩
e1937,沈伟
e1938,陈秀芳
e1939,吴桂香
e1940,罗瑞
e1941,姚丽华
e1942,刘飞
e1943,潘建华
e1944,于瑜
e1945,杨桂兰
e1946,杜斌
e1947,佟桂荣
e1948,邹秀珍
e1949,孟雪
e1950,周莹
e1951,孙强
e1952,张秀英
e1953,冯桂香
e1954,孙杰
e1955,刘超
e1956,郑超
e1957,左桂芝
e1958,冯桂芝
e1959,汪云
e1960,万宇
e1961,李秀华
e1962,张玉梅
e1963,段红梅
e1964,章宇
e1965,罗荣
e1966,明玉
e1967,邱平
e1968,张霞
e1969,陈瑞
e1970,王丹丹
e1971,王秀梅
e1972,梁亮
e1973,范晶
e1974,杨凯
e1975,周丽娟
e1976,潘霞
e1977,朱建国
e1978,张莉
e1979,段桂芝
e1980,金瑜
e1981,张建军
e1982,赵倩
e1983,敖阳
e1984,柳玉兰
e1985,唐丹丹
e1986,蒋林
e1987,南敏
e1988,陈楠
e1989,吴红
e1990,杜建华
e1991,张利
e1992,纪淑华
e1993,邱涛
e1994,曾燕
e1995,常波
e1996,全玉华
e1997,刘琳
e1998,张琴
e1999,陈艳
e2000,汤强
e2001,徐旭
e2002,张凤兰
e2003,王艳
e2004,李丽娟
e2005,刘丽丽
e2006,张红梅
e2007,王云
e2008,王刚
e2009,廉浩
e2010,黄玉珍
e2011,孙志强
e2012,李小红
e2013,喻旭
e2014,张云
e2015,许桂荣
e2016,宁畅
e2017,简静
e2018,黄莹
e2019,滕琳
e2020,汤鑫
e2021,郝秀兰
e2022,杨霞
e2023,楚淑英
e2024,何畅
e2025,陈秀珍
e2026,张秀梅
e2027,何旭
e2028,方秀华
e2029,李杨
e2030,刘鑫
e2031,郑畅
e2032,解芳
e2033,陆岩
e2034,韩淑英
e2035,黄婷
e2036,刘慧
e2037,唐玉
e2038,马军
e2039,丁荣
e2040,斯洋
e2041,袁莉
e2042,陈瑞
e2043,滕鹏
e2044,谢强
e2045,刘刚
e2046,陈秀兰
e2047,苏阳
e2048,石平
e2049,阎倩
e2050,罗秀兰
e2051,寇晨
e2052,周欣
e2053,杨玲
e2054,李楠
e2055,魏旭
e2056,李建华
e2057,褚欣
e2058,黄旭
e2059,王桂英
e2060,鞠荣
e2061,萧秀芳
e2062,李伟
e2063,季浩
e2064,李玉华
e2065,阎平
e2066,吴辉
e2067,张涛
e2068,王建华
e2069,刘倩
e2070,张佳
e2071,魏丹
e2072,郑玉兰
e2073,冯畅
e2074,张秀英
e2075,张鑫
e2076,杨博
e2077,朱宇
e2078,李秀华
e2079,秦娟
e2080,田超
e2081,李英
e2082,田冬梅
e2083,孟明
e2084,张婷
e2085,赖波
e2086,陈建华
e2087,陶兰英
e2088,李桂荣
e2089,周桂香
e2090,吴玉
e2091,黄凯
e2092,吴秀荣
e2093,张健
e2094,崔桂珍
e2095,李雪梅
e2096,曹磊
e2097,张刚
e2098,陈梅
e2099,尹春梅
e2100,张丽
e2101,王斌
e2102,周洋
e2103,焦晨
e2104,王伟
e2105,赵秀珍
e2106,谭春梅
e2107,蔺坤
e2108,张娜
e2109,潘建国
e2110,姚想
e2111,曲帅
e2112,许淑华
e2113,袁建
e2114,高桂荣
e2115,陈桂英
e2116,曾雪
e2117,张静
e2118,王秀华
e2119,魏霞
e2120,潘霞
e2121,王桂珍
e2122,陈俊
e2123,刘建
e2124,郑娜
e2125,丁琴
e2126,谢英
e2127,王阳
e2128,鞠红
e2129,万敏
e2130,顾璐
e2131,朱婷婷
e2132,胡雷
e2133,林秀梅
e2134,张磊
e2135,刘丽
e2136,李明
e2137,门杰
e2138,郑想
e2139,田浩
e2140,张宇
e2141,卢波
e2142,冯秀荣
e2143,刘军
e2144,席林
e2145,姚桂花
e2146,刘洋
e2147,袁帅
e2148,李秀云
e2149,甘秀兰
e2150,李秀华
e2151,徐波
e2152,郭雪梅
e2153,朱桂兰
e2154,刘斌
e2155,石东
e2156,曲兵
e2157,张秀荣
e2158,魏秀梅
e2159,张勇
e2160,杨琴
e2161,曹倩
e2162,董勇
e2163,段凤英
e2164,邹淑珍
e2165,熊冬梅
e2166,王洁
e2167,陈文
e2168,何兵
e2169,宋斌
e2170,徐建国
e2171,马杨
e2172,张想
e2173,郭梅
e2174,王玉兰
e2175,韩淑兰
e2176,马伟
e2177,孙林
e2178,杨华
e2179,王建平
e2180,章璐
e2181,程博
e2182,黄军
e2183,雷亮
e2184,谢建
e2185,范英
e2186,谢志强
e2187,邹玉华
e2188,李艳
e2189,南玉华
e2190,张玉珍
e2191,徐文
e2192,蔡桂荣
e2193,陈宁
e2194,吴秀兰
e2195,李雪梅
e2196,杨晨
e2197,罗伟
e2198,贺丽
e2199,蔡彬
e2200,许霞
e2201,邓华
e2202,贺冬梅
e2203,杨健
e2204,樊利
e2205,何红梅
e2206,阎宁
e2207,余雪
e2208,刘雪梅
e2209,蔡秀华
e2210,陈洋
e2211,高小红
e2212,刘丽华
e2213,杜莹
e2214,曾勇
e2215,王敏
e2216,江丹丹
e2217,刘龙
e2218,胡桂兰
e2219,唐平
e2220,房金凤
e2221,蔡亮
e2222,何欢
e2223,侯玉华
e2224,雷洁
e2225,尹阳
e2226,常凤兰
e2227,康燕
e2228,傅岩
e2229,王建
e2230,赵杰
e2231,刘桂英
e2232,詹晨
e2233,陈莹
e2234,贾婷
e2235,吴宁
e2236,黄雷
e2237,邓鑫
e2238,潘想
e2239,林辉
e2240,莫丽
e2241,田桂兰
e2242,刘明
e2243,蒋玉英
e2244,黄淑珍
e2245,林辉
e2246,萧桂花
e2247,林林
e2248,赵琴
e2249,朱柳
e2250,谭明
e2251,赵军
e2252,魏宇
e2253,李凤兰
e2254,娄琳
e2255,韦莹
e2256,党婷婷
e2257,党萍
e2258,廖宇
e2259,李红
e2260,李兵
e2261,罗雪梅
e2262,孙斌
e2263,季坤
e2264,赵慧
e2265,卢艳
e2266,尧梅
e2267,陈秀华
e2268,张涛
e2269,邱云
e2270,钟秀荣
e2271,邢玉华
e2272,王玲
e2273,李俊
e2274,白玉兰
e2275,龙超
e2276,朱桂珍
e2277,韩凤英
e2278,李燕
e2279,许桂英
e2280,汪秀兰
e2281,兰淑珍
e2282,邵彬
e2283,李华
e2284,黄玉华
e2285,洪秀云
e2286,林婷婷
e2287,朱楠
e2288,金秀华
e2289,陈娜
e2290,王璐
e2291,张玉英
e2292,祁秀云
e2293,董建军
e2294,芦桂香
e2295,何玉华
e2296,黄玉
e2297,孙玲
e2298,蔡林
e2299,陈秀华
e2300,任桂英
e2301,高博
e2302,赖桂香
e2303,郑桂花
e2304,萧华
e2305,倪欢
e2306,黄杰
e2307,莫佳
e2308,林雪梅
e2309,张雷
e2310,陈桂芝
e2311,王东
e2312,邓婷婷
e2313,高桂珍
e2314,何丽
e2315,孔春梅
e2316,陆强
e2317,张艳
e2318,刘文
e2319,李刚
e2320,王建华
e2321,段淑华
e2322,袁林
e2323,孙建华
e2324,龚想
e2325,罗宁
e2326,杜琳
e2327,孙桂珍
e2328,麦红霞
e2329,黄桂英
e2330,曾莉
e2331,熊坤
e2332,周英
e2333,梁平
e2334,金健
e2335,陈秀芳
e2336,陈桂珍
e2337,岳欢
e2338,苏秀兰
e2339,龙军
e2340,张秀云
e2341,杨琴
e2342,黄飞
e2343,李倩
e2344,潘洁
e2345,宁亮
e2346,夏建平
e2347,邓华
e2348,邵琳
e2349,姬利
e2350,贺婷
e2351,杨凤兰
e2352,姜成
e2353,王淑华
e2354,刘秀英
e2355,刘杰
e2356,马瑜
e2357,宋瑞
e2358,李荣
e2359,任琴
e2360,邹秀兰
e2361,徐玉华
e2362,徐红霞
e2363,甘春梅
e2364,许桂荣
e2365,任宁
e2366,马晨
e2367,宋雷
e2368,胡勇
e2369,黄玉珍
e2370,汤璐
e2371,傅桂花
e2372,马飞
e2373,郑建军
e2374,黄红霞
e2375,马浩
e2376,王旭
e2377,黄辉
e2378,李佳
e2379,胡红霞
e2380,黄健
e2381,朱霞
e2382,刘浩
e2383,刘玉珍
e2384,李亮
e2385,孙静
e2386,陶杨
e2387,彭莹
e2388,唐飞
e2389,杨龙
e2390,颜瑞
e2391,倪丽华
e2392,黄健
e2393,杨秀兰
e2394,刘志强
e2395,刘雪梅
e2396,李坤
e2397,梁楠
e2398,牛雷
e2399,刘桂荣
e2400,傅志强
e2401,段凤兰
e2402,徐凤英
e2403,张芳
e2404,方鹏
e2405,周宁
e2406,朱海燕
e2407,全颖
e2408,孙帅
e2409,李雪
e2410,侯建国
e2411,喻淑兰
e2412,宋燕
e2413,赵洋
e2414,吴柳
e2415,牟帅
e2416,李娟
e2417,丁林
e2418,任阳
e2419,陈岩
e2420,陆鑫
e2421,刘瑜
e2422,褚强
e2423,冯岩
e2424,孙琴
e2425,杜洁
e2426,金飞
e2427,曹丽娟
e2428,黄秀荣
e2429,李强
e2430,朱建
e2431,白凤英
e2432,崔刚
e2433,罗东
e2434,王柳
e2435,张辉
e2436,李飞
e2437,杨平
e2438,黄桂荣
e2439,兰丹丹
e2440,杨艳
e2441,龙坤
e2442,曲兰英
e2443,刘兰英
e2444,谭云
e2445,贾军
e2446,廖淑英
e2447,蒋玲
e2448,杨娜
e2449,吴刚
e2450,李霞
e2451,马玲
e2452,沈敏
e2453,刘佳
e2454,贾杰
e2455,孟东
e2456,周英
e2457,侯玉兰
e2458,韦雷
e2459,罗璐
e2460,王金凤
e2461,王宇
e2462,陈萍
e2463,周兰英
e2464,宋峰
e2465,杨秀芳
e2466,陈建平
e2467,周丹丹
e2468,吴玲
e2469,李杨
e2470,邬荣
e2471,柯飞
e2472,郑畅
e2473,郑俊
e2474,姜玉华
e2475,罗秀珍
e2476,汪亮
e2477,黄柳
e2478,张玉珍
e2479,刘雪梅
e2480,萧峰
e2481,龚淑兰
e2482,陈强
e2483,王飞
e2484,杨秀英
e2485,林萍
e2486,罗晨
e2487,曹明
e2488,黄强
e2489,黄婷婷
e2490,彭波
e2491,梁桂香
e2492,罗文
e2493,李慧
e2494,张斌
e2495,程娜
e2496,刘荣
e2497,杨建平
e2498,黄琳
e2499,姚秀英
e2500,冯杰
e2501,林平
e2502,曾建国
e2503,张桂芳
e2504,杨佳
e2505,赖秀荣
e2506,郭鑫
e2507,詹秀华
e2508,柏平
e2509,潘刚
e2510,沈秀兰
e2511,贾东
e2512,郭欢
e2513,潘东
e2514,鞠秀英
e2515,孙宇
e2516,鞠桂珍
e2517,王晶
e2518,吴欣
e2519,王勇
e2520,叶帆
e2521,谢阳
e2522,吕荣
e2523,陈峰
e2524,蒋淑华
e2525,连建
e2526,李龙
e2527,马岩
e2528,张鑫
e2529,李淑华
e2530,韩飞
e2531,常萍
e2532,黄红梅
e2533,王龙
e2534,宋晶
e2535,范欢
e2536,徐秀荣
e2537,孙健
e2538,周兵
e2539,孙小红
e2540,宋颖
e2541,刘娟
e2542,任刚
e2543,洪桂花
e2544,胡秀梅
e2545,彭勇
e2546,王春梅
e2547,王秀云
e2548,董建
e2549,徐璐
e2550,吴淑英
e2551,罗浩
e2552,马秀云
e2553,朱华
e2554,何彬
e2555,张超
e2556,杨燕
e2557,周桂珍
e2558,王秀兰
e2559,谭璐
e2560,黄俊
e2561,吕淑英
e2562,李洁
e2563,周倩
e2564,谭欢
e2565,刘丽华
e2566,卢淑珍
e2567,向浩
e2568,萧艳
e2569,张桂香
e2570,安文
e2571,杨云
e2572,程峰
e2573,郭峰
e2574,王东
e2575,孔桂珍
e2576,张建平
e2577,李霞
e2578,陈淑英
e2579,秦桂芝
e2580,刘洋
e2581,罗燕
e2582,郭晶
e2583,林萍
e2584,黄兰英
e2585,刘慧
e2586,包雷
e2587,丁凯
e2588,胡淑英
e2589,郭冬梅
e2590,丁健
e2591,陈龙
e2592,杨莉
e2593,孙旭
e2594,吴涛
e2595,江建平
e2596,周晶
e2597,段杨
e2598,蒋璐
e2599,曹阳
e2600,高玉梅
e2601,董桂兰
e2602,廖桂香
e2603,石建
e2604,杨琳
e2605,黄桂珍
e2606,柴淑珍
e2607,陈建国
e2608,李凯
e2609,赵建
e2610,程健
e2611,苏慧
e2612,罗欢
e2613,张旭
e2614,蒋秀英
e2615,徐旭
e2616,倪雪
e2617,李璐
e2618,冯建平
e2619,桂华
e2620,王博
e2621,刘鑫
e2622,谌秀芳
e2623,段鹏
e2624,姜婷婷
e2625,周博
e2626,蓝瑜
e2627,栗凤兰
e2628,陈桂英
e2629,刘利
e2630,吴欢
e2631,周飞
e2632,孟凤英
e2633,蒙晶
e2634,公云
e2635,刘霞
e2636,黄玉英
e2637,曹波
e2638,傅桂珍
e2639,李雪
e2640,李玉梅
e2641,蔡萍
e2642,时雷
e2643,张建国
e2644,刘辉
e2645,李波
e2646,李刚
e2647,黄超
e2648,张淑英
e2649,兰桂香
e2650,姚彬
e2651,蔡丽
e2652,王玲
e2653,李桂香
e2654,宋梅
e2655,张冬梅
e2656,魏洁
e2657,刘玉梅
e2658,林玉
e2659,韦兰英
e2660,吴云
e2661,诸娟
e2662,黄刚
e2663,孙建军
e2664,王玲
e2665,乔志强
e2666,汤桂英
e2667,李玉珍
e2668,兰红
e2669,郭勇
e2670,杨红霞
e2671,符春梅
e2672,常婷
e2673,苏凤英
e2674,谭阳
e2675,马楠
e2676,谢建华
e2677,邵红
e2678,贾华
e2679,段坤
e2680,季玉
e2681,高凤英
e2682,杨琴
e2683,谭秀云
e2684,李杰
e2685,左桂花
e2686,李峰
e2687,李建平
e2688,董波
e2689,黄杰
e2690,张丽华
e2691,张健
e2692,曾亮
e2693,张桂荣
e2694,刘瑜
e2695,张坤
e2696,王坤
e2697,杨玉华
e2698,李静
e2699,张俊
e2700,方桂兰
e2701,龙梅
e2702,杨平
e2703,王秀华
e2704,徐淑华
e2705,苏冬梅
e2706,王云
e2707,廖帅
e2708,龙平
e2709,张丽娟
e2710,张敏
e2711,黎涛
e2712,萧春梅
e2713,姚秀英
e2714,徐建华
e2715,高玉梅
e2716,胡东
e2717,刘淑英
e2718,杜旭
e2719,张梅
e2720,刘娟
e2721,黄杨
e2722,涂晶
e2723,李丹丹
e2724,方凤英
e2725,王瑞
e2726,孙红霞
e2727,左勇
e2728,谭云
e2729,凌倩
e2730,查秀云
e2731,张玉珍
e2732,唐丽丽
e2733,李荣
e2734,徐磊
e2735,沈秀英
e2736,向坤
e2737,王英
e2738,王林
e2739,王桂英
e2740,卜芳
e2741,陈磊
e2742,涂凤英
e2743,翟龙
e2744,朱彬
e2745,王华
e2746,谭秀珍
e2747,汪玉兰
e2748,符建国
e2749,陶柳
e2750,韩玉英
e2751,龙佳
e2752,张红梅
e2753,王彬
e2754,王利
e2755,史红梅
e2756,李红霞
e2757,罗坤
e2758,鲍芳
e2759,刘燕
e2760,周飞
e2761,赵秀荣
e2762,黄琴
e2763,李桂英
e2764,焦桂兰
e2765,王凤兰
e2766,万淑华
e2767,郭丽丽
e2768,刘娜
e2769,沈丽华
e2770,徐秀芳
e2771,马淑兰
e2772,陈刚
e2773,姜英
e2774,张秀梅
e2775,陈瑞
e2776,陈林
e2777,郭凯
e2778,王红
e2779,杨瑜
e2780,盖桂荣
e2781,姚燕
e2782,周晶
e2783,徐璐
e2784,焦晨
e2785,林英
e2786,王丽华
e2787,王玉华
e2788,傅海燕
e2789,张畅
e2790,赵玉珍
e2791,吴斌
e2792,吕玉梅
e2793,刘杨
e2794,王秀珍
e2795,任慧
e2796,杨晶
e2797,张东
e2798,张玉珍
e2799,熊建平
e2800,龙帅
e2801,张兵
e2802,石利
e2803,袁华
e2804,母桂芳
e2805,陈岩
e2806,张华
e2807,罗东
e2808,王洁
e2809,胡旭
e2810,杨畅
e2811,刘雪
e2812,孟杰
e2813,郑玉英
e2814,张建华
e2815,梁帅
e2816,庄淑英
e2817,杨颖
e2818,萧帆
e2819,段畅
e2820,鲍荣
e2821,王芳
e2822,宋婷婷
e2823,梁龙
e2824,兰秀华
e2825,陈阳
e2826,李英
e2827,黄洋
e2828,程俊
e2829,钟桂香
e2830,赵健
e2831,黄波
e2832,孙琴
e2833,来丽
e2834,王金凤
e2835,李丹
e2836,唐利
e2837,黄秀云
e2838,杜斌
e2839,袁桂兰
e2840,莫阳
e2841,杨玲
e2842,韩欢
e2843,华英
e2844,萧洋
e2845,任俊
e2846,范成
e2847,邢兰英
e2848,宫华
e2849,黄春梅
e2850,张梅
e2851,王辉
e2852,段俊
e2853,叶秀梅
e2854,郑阳
e2855,郑楠
e2856,姚波
e2857,李淑华
e2858,刘兰英
e2859,秦建国
e2860,汤杨
e2861,谭璐
e2862,周建平
e2863,母桂兰
e2864,金桂芳
e2865,史静
e2866,吕冬梅
e2867,谭伟
e2868,王志强
e2869,栾桂芝
e2870,王平
e2871,刘成
e2872,王阳
e2873,高冬梅
e2874,张杨
e2875,高兰英
e2876,杨艳
e2877,祝桂芝
e2878,仲建国
e2879,白秀云
e2880,郑桂兰
e2881,刘秀芳
e2882,鞠想
e2883,罗淑华
e2884,杨林
e2885,王俊
e2886,吕静
e2887,张辉
e2888,刘玉珍
e2889,冯鑫
e2890,张婷
e2891,邵梅
e2892,黄秀珍
e2893,臧玉华
e2894,张红梅
e2895,韦雪
e2896,高秀英
e2897,彭玉英
e2898,陆云
e2899,刘芳
e2900,梁强
e2901,刘楠
e2902,李红梅
e2903,孟飞
e2904,席柳
e2905,宋雪梅
e2906,柯晨
e2907,李帆
e2908,杨建
e2909,谢云
e2910,石琳
e2911,温建华
e2912,曾东
e2913,王淑华
e2914,翟凤兰
e2915,吕桂香
e2916,陈辉
e2917,蒋琴
e2918,洪丹
e2919,张阳
e2920,孔萍
e2921,夏丹
e2922,马桂荣
e2923,朱桂英
e2924,任秀华
e2925,杨辉
e2926,王桂荣
e2927,黄浩
e2928,邱凯
e2929,吴秀芳
e2930,朱龙
e2931,廖玲
e2932,沈亮
e2933,车宁
e2934,师凤英
e2935,耿凤英
e2936,黄娟
e2937,钟伟
e2938,李颖
e2939,董婷婷
e2940,熊霞
e2941,左勇
e2942,张秀珍
e2943,高旭
e2944,杨浩
e2945,麦霞
e2946,周晶
e2947,吴桂花
e2948,许红
e2949,范磊
e2950,陈丹丹
e2951,侯洁
e2952,林涛
e2953,樊帆
e2954,赵秀英
e2955,李芳
e2956,党雪
e2957,何成
e2958,傅洋
e2959,沈丹丹
e2960,张金凤
e2961,王飞
e2962,胡丽
e2963,胡玉梅
e2964,张静
e2965,吴旭
e2966,翟秀芳
e2967,周秀芳
e2968,谢磊
e2969,庄东
e2970,纪慧
e2971,王畅
e2972,王宇
e2973,黄建军
e2974,韦建国
e2975,张玉
e2976,廖丹
e2977,杨宇
e2978,巩燕
e2979,刘颖
e2980,杨刚
e2981,陈桂荣
e2982,马秀兰
e2983,汤荣
e2984,丁玉兰
e2985,房浩
e2986,赵红
e2987,麻玉珍
e2988,吴桂珍
e2989,朱凯
e2990,王红梅
e2991,梁宇
e2992,张博
e2993,王欣
e2994,何强
e2995,邓丽娟
e2996,伍鹏
e2997,程桂芳
e2998,韩帅
e2999,林海燕
e3000,陈玉华
e3001,徐瑜
e3002,谷杨
e3003,张超
e3004,李玲
e3005,汤帆
e3006,徐欢
e3007,萧雷
e3008,沈帅
e3009,程桂荣
e3010,傅小红
e3011,王俊
e3012,康秀华
e3013,马玉梅
e3014,王杰
e3015,刘佳
e3016,杨娜
e3017,池红
e3018,何玉兰
e3019,钟宇
e3020,李旭
e3021,葛红
e3022,傅玉华
e3023,龙荣
e3024,王桂兰
e3025,鞠春梅
e3026,张丽
e3027,苏颖
e3028,舒丽
e3029,赵帅
e3030,冯彬
e3031,陈桂花
e3032,蒋桂珍
e3033,柯军
e3034,孟静
e3035,沈杰
e3036,黄建国
e3037,王玉梅
e3038,郝刚
e3039,李雷
e3040,陈丽华
e3041,马桂芳
e3042,龚丽丽
e3043,金波
e3044,王刚
e3045,郑浩
e3046,赵亮
e3047,杨燕
e3048,宋志强
e3049,李亮
e3050,陈海燕
e3051,李桂珍
e3052,孙杨
e3053,李成
e3054,陈慧
e3055,王桂花
e3056,王东
e3057,蒋涛
e3058,廖林
e3059,张旭
e3060,孙莹
e3061,莫丽丽
e3062,莫慧
e3063,高华
e3064,张静
e3065,王宁
e3066,覃杰
e3067,田芳
e3068,韩瑜
e3069,张想
e3070,邹佳
e3071,黄志强
e3072,周丽华
e3073,孙畅
e3074,刘小红
e3075,林淑珍
e3076,乔红
e3077,向秀云
e3078,马帆
e3079,张艳
e3080,曹英
e3081,黄岩
e3082,陈红梅
e3083,王建国
e3084,陈宇
e3085,张秀华
e3086,王春梅
e3087,吴淑珍
e3088,高成
e3089,王华
e3090,喻丽丽
e3091,彭欣
e3092,刘建国
e3093,吴勇
e3094,房桂芳
e3095,郭娜
e3096,张桂花
e3097,江桂英
e3098,曹慧
e3099,莫丽娟
e3100,乌丽娟
e3101,李兵
e3102,徐凤英
e3103,叶玉梅
e3104,吕龙
e3105,李欢
e3106,张玉
e3107,刘琴
e3108,夏斌
e3109,沈燕
e3110,张凯
e3111,卢秀兰
e3112,彭博
e3113,黄玉华
e3114,黄娜
e3115,赵刚
e3116,李娜
e3117,许阳
e3118,田金凤
e3119,初倩
e3120,杨小红
e3121,王秀英
e3122,陈帅
e3123,张婷
e3124,冷敏
e3125,王彬
e3126,王东
e3127,李春梅
e3128,司金凤
e3129,罗红梅
e3130,张璐
e3131,裴俊
e3132,刘佳
e3133,戴雷
e3134,钟兵
e3135,苏春梅
e3136,刘红霞
e3137,吴宇
e3138,黄建平
e3139,李娜
e3140,景霞
e3141,苏勇
e3142,张玉兰
e3143,萧凤英
e3144,江桂香
e3145,周帆
e3146,王慧
e3147,任浩
e3148,郑静
e3149,邢斌
e3150,苏秀梅
e3151,周海燕
e3152,刘平
e3153,郭斌
e3154,沈红
e3155,卢浩
e3156,杨桂兰
e3157,段慧
e3158,陈秀荣
e3159,陈玉珍
e3160,余玉英
e3161,曾军
e3162,余雷
e3163,王亮
e3164,吴秀荣
e3165,崔华
e3166,李静
e3167,朱宁
e3168,王琴
e3169,陆艳
e3170,陈晶
e3171,邱雪梅
e3172,高建军
e3173,詹玉华
e3174,何想
e3175,张秀荣
e3176,常梅
e3177,黄云
e3178,王倩
e3179,邢桂香
e3180,萧强
e3181,程秀兰
e3182,李凤兰
e3183,常林
e3184,宋畅
e3185,刘琳
e3186,胡敏
e3187,范秀芳
e3188,左浩
e3189,陈英
e3190,王雪梅
e3191,郭雷
e3192,陈荣
e3193,王雪
e3194,柳宁
e3195,杨岩
e3196,张建华
e3197,苗凤英
e3198,刘丽丽
e3199,曹伟
e3200,阎敏
e3201,李坤
e3202,孙岩
e3203,林芳
e3204,陈静
e3205,萧涛
e3206,孙旭
e3207,刘红梅
e3208,朱娜
e3209,李佳
e3210,林鹏
e3211,李宁
e3212,蔡浩
e3213,罗瑞
e3214,张晨
e3215,陈伟
e3216,刘丹
e3217,黄璐
e3218,武利
e3219,姜婷
e3220,刘帅
e3221,龙宁
e3222,倪东
e3223,孙桂英
e3224,傅英
e3225,乌平
e3226,许秀梅
e3227,刘燕
e3228,田红梅
e3229,陈英
e3230,毛霞
e3231,王柳
e3232,赵英
e3233,姜婷婷
e3234,刘凯
e3235,戴霞
e3236,张瑜
e3237,安海燕
e3238,王静
e3239,邱玉英
e3240,任瑞
e3241,董宁
e3242,林杰
e3243,史建
e3244,王丹丹
e3245,孙丽娟
e3246,唐丽
e3247,李瑜
e3248,吴雪
e3249,夏勇
e3250,谢英
e3251,姚鹏
e3252,张晶
e3253,孙春梅
e3254,骆欣
e3255,俞秀芳
e3256,王秀兰
e3257,丁志强
e3258,万颖
e3259,邱秀荣
e3260,林玉
e3261,银帆
e3262,王丹
e3263,刘燕
e3264,潘磊
e3265,高淑珍
e3266,陈秀兰
e3267,牛晶
e3268,周晨
e3269,黄璐
e3270,王畅
e3271,杨英
e3272,徐桂英
e3273,李凤英
e3274,赵梅
e3275,李瑞
e3276,郭婷
e3277,王敏
e3278,侯敏
e3279,叶玉兰
e3280,黄丹丹
e3281,张玉
e3282,张玲
e3283,刘玉英
e3284,樊志强
e3285,李兰英
e3286,王亮
e3287,王雷
e3288,朱帅
e3289,郭凤英
e3290,靳辉
e3291,朱楠
e3292,宋红
e3293,黄娜
e3294,何兰英
e3295,金艳
e3296,张桂花
e3297,王秀梅
e3298,林桂香
e3299,王英
e3300,李伟
e3301,王春梅
e3302,陈淑兰
e3303,苏琳
e3304,张凯
e3305,高峰
e3306,吴利
e3307,陈秀云
e3308,刘健
e3309,周雪
e3310,彭淑兰
e3311,刘金凤
e3312,黄莉
e3313,张丽娟
e3314,霍桂英
e3315,汪林
e3316,孙明
e3317,潘桂荣
e3318,陈桂芝
e3319,卓涛
e3320,阎玉珍
e3321,白瑞
e3322,陈浩
e3323,姚玉梅
e3324,王秀梅
e3325,耿浩
e3326,赵杰
e3327,冯桂芳
e3328,邓燕
e3329,李柳
e3330,黄宁
e3331,夏冬梅
e3332,徐敏
e3333,时淑英
e3334,薛淑兰
e3335,解秀兰
e3336,梁想
e3337,李英
e3338,徐伟
e3339,臧伟
e3340,孙雷
e3341,侯淑英
e3342,刘淑英
e3343,萧峰
e3344,王燕
e3345,罗敏
e3346,何莹
e3347,孙建华
e3348,白婷婷
e3349,何涛
e3350,陈柳
e3351,阮霞
e3352,赵莹
e3353,李文
e3354,王雷
e3355,杜琴
e3356,张桂兰
e3357,李雪梅
e3358,范秀梅
e3359,马红梅
e3360,宋静
e3361,张秀云
e3362,杨金凤
e3363,谢鹏
e3364,龙凤英
e3365,刘龙
e3366,周鹏
e3367,张涛
e3368,张晶
e3369,钟霞
e3370,耿倩
e3371,张瑞
e3372,陈秀云
e3373,王兰英
e3374,路红
e3375,王洋
e3376,卓晨
e3377,张欢
e3378,柳建华
e3379,周丽丽
e3380,徐红
e3381,王莹
e3382,邹雷
e3383,李凤英
e3384,王兰英
e3385,胡佳
e3386,罗桂荣
e3387,朱梅
e3388,武金凤
e3389,曾凯
e3390,路畅
e3391,汪玉英
e3392,王秀芳
e3393,刘丹丹
e3394,李明
e3395,李玉英
e3396,栾平
e3397,龙秀兰
e3398,黄艳
e3399,何霞
e3400,吕秀英
e3401,祝桂荣
e3402,王欢
e3403,张芳
e3404,赵凯
e3405,李帅
e3406,何飞
e3407,王洋
e3408,孙雪
e3409,莫宇
e3410,刘海燕
e3411,谭刚
e3412,陈桂香
e3413,王军
e3414,刘建华
e3415,王莹
e3416,刘杨
e3417,刘春梅
e3418,庞桂珍
e3419,马平
e3420,徐华
e3421,滕帆
e3422,李洋
e3423,韩洋
e3424,曾波
e3425,高秀英
e3426,黎丹丹
e3427,何秀梅
e3428,张雪
e3429,赵畅
e3430,程超
e3431,张洋
e3432,江磊
e3433,卓燕
e3434,叶雪梅
e3435,李琳
e3436,傅莉
e3437,何玉华
e3438,刘岩
e3439,吴荣
e3440,廖博
e3441,李文
e3442,宋芳
e3443,杨丹丹
e3444,兰冬梅
e3445,赵凯
e3446,吴琳
e3447,张志强
e3448,黄娟
e3449,孙华
e3450,谢明
e3451,黄利
e3452,杨淑珍
e3453,杜婷婷
e3454,吴娟
e3455,萧桂荣
e3456,李彬
e3457,梁平
e3458,熊勇
e3459,辛桂芳
e3460,林欢
e3461,马淑珍
e3462,朱宁
e3463,陈秀芳
e3464,花杰
e3465,尚成
e3466,江秀荣
e3467,和龙
e3468,石建平
e3469,周明
e3470,朱宁
e3471,黄建平
e3472,吴琴
e3473,张杨
e3474,王玉珍
e3475,杨秀梅
e3476,萧志强
e3477,宋莹
e3478,李婷婷
e3479,吴娜
e3480,王燕
e3481,李莉
e3482,罗东
e3483,裴凯
e3484,曹淑英
e3485,赵磊
e3486,张文
e3487,庞瑜
e3488,符志强
e3489,梁静
e3490,杨兰英
e3491,邓秀华
e3492,陈琴
e3493,郭阳
e3494,何玉
e3495,孙雪梅
e3496,李丽娟
e3497,阎慧
e3498,萧娜
e3499,刘磊
e3500,吴莹
e3501,卢淑英
e3502,贾晶
e3503,罗东
e3504,余梅
e3505,赵丹丹
e3506,吴龙
e3507,何琴
e3508,许洁
e3509,王波
e3510,李玉英
e3511,王丽
e3512,董凤兰
e3513,窦海燕
e3514,杨雪
e3515,李建国
e3516,陈雪梅
e3517,马丽
e3518,张勇
e3519,范倩
e3520,余淑华
e3521,杨帆
e3522,王鹏
e3523,赵颖
e3524,李欣
e3525,高欢
e3526,胡莹
e3527,袁平
e3528,赵玉华
e3529,陈刚
e3530,陈艳
e3531,杨杰
e3532,李利
e3533,宋金凤
e3534,秦飞
e3535,阮淑华
e3536,黎雷
e3537,虞丽
e3538,邓丹丹
e3539,赵杨
e3540,周倩
e3541,左文
e3542,刘建华
e3543,陈金凤
e3544,张浩
e3545,陈文
e3546,杨利
e3547,韦海燕
e3548,章杰
e3549,陶楠
e3550,范桂芳
e3551,周丽
e3552,毕凤英
e3553,张博
e3554,马玉梅
e3555,陈秀兰
e3556,宋林
e3557,王林
e3558,方玲
e3559,杨峰
e3560,王婷
e3561,梁芳
e3562,高雪梅
e3563,张建
e3564,王辉
e3565,赵帅
e3566,张琳
e3567,余秀华
e3568,谢帅
e3569,兰玉
e3570,曾建华
e3571,李桂珍
e3572,王小红
e3573,涂桂芳
e3574,丁玉英
e3575,萧丽
e3576,施斌
e3577,林涛
e3578,高杨
e3579,李磊
e3580,刘桂香
e3581,刘建国
e3582,王楠
e3583,麦桂兰
e3584,韩晨
e3585,唐丽丽
e3586,范桂香
e3587,韦荣
e3588,李颖
e3589,李雪
e3590,梁秀华
e3591,刘秀珍
e3592,周淑英
e3593,马飞
e3594,梁淑兰
e3595,芦建军
e3596,苑超
e3597,周红梅
e3598,刘健
e3599,熊秀梅
e3600,詹飞
e3601,张娜
e3602,甘宇
e3603,何桂芳
e3604,陆建军
e3605,陈淑兰
e3606,曹坤
e3607,董成
e3608,何峰
e3609,满兵
e3610,陈萍
e3611,龚桂芝
e3612,张龙
e3613,李涛
e3614,冷玉华
e3615,吴丽
e3616,徐磊
e3617,兰超
e3618,谢彬
e3619,邓丽娟
e3620,范芳
e3621,韩金凤
e3622,刘旭
e3623,苏佳
e3624,袁淑华
e3625,杨瑞
e3626,梁秀云
e3627,谢瑞
e3628,周志强
e3629,李桂珍
e3630,吴淑英
e3631,陈健
e3632,杨兰英
e3633,宋兵
e3634,唐斌
e3635,浦桂香
e3636,陈丽
e3637,孔莉
e3638,虞玉梅
e3639,王秀英
e3640,夏秀华
e3641,田博
e3642,贺桂兰
e3643,游慧
e3644,蔡建平
e3645,熊浩
e3646,杨欢
e3647,文博
e3648,张建
e3649,陈萍
e3650,王帆
e3651,方明
e3652,周丽
e3653,邹洁
e3654,张瑞
e3655,李凤英
e3656,丁娟
e3657,和斌
e3658,李玉华
e3659,吴桂芝
e3660,王丽
e3661,祝丽丽
e3662,李丽
e3663,张晨
e3664,孙桂芳
e3665,陈东
e3666,王桂荣
e3667,蔡东
e3668,黄建军
e3669,傅畅
e3670,周鑫
e3671,傅英
e3672,裴璐
e3673,李淑兰
e3674,孟颖
e3675,罗洁
e3676,吕冬梅
e3677,陈彬
e3678,何建军
e3679,杜凤英
e3680,扈莹
e3681,王波
e3682,许秀兰
e3683,刘兵
e3684,王欣
e3685,符勇
e3686,张宇
e3687,廖萍
e3688,周雪梅
e3689,鞠桂花
e3690,王莉
e3691,陈东
e3692,宋敏
e3693,陶燕
e3694,刘杰
e3695,任兵
e3696,易洋
e3697,王丹丹
e3698,王建
e3699,王玉
e3700,崔健
e3701,辛东
e3702,田艳
e3703,刘金凤
e3704,邓晨
e3705,郝宇
e3706,徐飞
e3707,陈桂香
e3708,李敏
e3709,杨秀华
e3710,高颖
e3711,邹丽
e3712,徐斌
e3713,骆荣
e3714,冯敏
e3715,黄建华
e3716,周秀荣
e3717,王淑珍
e3718,杨颖
e3719,单丹
e3720,萧杰
e3721,李琴
e3722,宋兵
e3723,杨凯
e3724,覃帆
e3725,邱桂芝
e3726,苗丽丽
e3727,丁秀梅
e3728,张桂芝
e3729,丁英
e3730,杨玉英
e3731,李淑华
e3732,王丽
e3733,康玉梅
e3734,黎娟
e3735,杨琴
e3736,杨玉英
e3737,费红霞
e3738,牛晨
e3739,范晨
e3740,赵明
e3741,钟金凤
e3742,刘帅
e3743,叶娜
e3744,费平
e3745,杨亮
e3746,张红
e3747,敬秀梅
e3748,郝玉英
e3749,杨丽华
e3750,张娜
e3751,马浩
e3752,刘磊
e3753,何璐
e3754,黄宁
e3755,章凤兰
e3756,周鹏
e3757,史春梅
e3758,陈梅
e3759,胡凯
e3760,李颖
e3761,郭丽华
e3762,吴鹏
e3763,王琴
e3764,欧阳柳
e3765,秦岩
e3766,梁慧
e3767,朱萍
e3768,金桂芝
e3769,孟楠
e3770,路红梅
e3771,张成
e3772,蒋东
e3773,萧兰英
e3774,吴凯
e3775,姜桂荣
e3776,王林
e3777,朱桂兰
e3778,康明
e3779,李浩
e3780,李玉珍
e3781,吴玉兰
e3782,陈东
e3783,李桂芳
e3784,郭东
e3785,唐淑珍
e3786,洪华
e3787,赵文
e3788,杨娟
e3789,王春梅
e3790,涂龙
e3791,卢英
e3792,沈建华
e3793,常斌
e3794,蔡芳
e3795,刘帅
e3796,曹慧
e3797,蔡玉华
e3798,杨宁
e3799,余秀珍
e3800,庄桂英
e3801,杨秀荣
e3802,高宁
e3803,方丽华
e3804,李梅
e3805,林勇
e3806,谭鹏
e3807,陈佳
e3808,莫帆
e3809,赵刚
e3810,熊柳
e3811,韩玉梅
e3812,王建军
e3813,林峰
e3814,陆凤兰
e3815,张敏
e3816,陈霞
e3817,蔡梅
e3818,李莹
e3819,毛莉
e3820,曾玉梅
e3821,罗帆
e3822,周岩
e3823,欧红霞
e3824,李桂芳
e3825,袁阳
e3826,贺欣
e3827,骆成
e3828,窦玉梅
e3829,廖帆
e3830,安丽华
e3831,王伟
e3832,李凤英
e3833,禹桂兰
e3834,苏丽丽
e3835,田慧
e3836,柳秀云
e3837,罗玉华
e3838,郝伟
e3839,张凤英
e3840,刘娟
e3841,陈颖
e3842,徐玉梅
e3843,黄欢
e3844,彭彬
e3845,蒋亮
e3846,马建国
e3847,陈慧
e3848,易浩
e3849,孙建军
e3850,蒲小红
e3851,刘荣
e3852,张桂英
e3853,黄玉梅
e3854,俞颖
e3855,杨琴
e3856,吴成
e3857,张琴
e3858,曹婷
e3859,郭琳
e3860,张瑜
e3861,陈宇
e3862,王娟
e3863,李建
e3864,徐帆
e3865,兰宁
e3866,王秀珍
e3867,董萍
e3868,谢莉
e3869,李想
e3870,黄亮
e3871,张建国
e3872,余建军
e3873,黄柳
e3874,陈建军
e3875,马坤
e3876,黄淑珍
e3877,马强
e3878,任杨
e3879,胡飞
e3880,梁艳
e3881,陈建国
e3882,皮成
e3883,徐桂芝
e3884,潘俊
e3885,林秀兰
e3886,王刚
e3887,武帆
e3888,许燕
e3889,张海燕
e3890,刘刚
e3891,李桂芝
e3892,龙杨
e3893,叶荣
e3894,黄娜
e3895,邢秀兰
e3896,杨想
e3897,艾英
e3898,焦兰英
e3899,向建
e3900,高杰
e3901,宋桂兰
e3902,林琳
e3903,胡颖
e3904,许萍
e3905,熊平
e3906,杜芳
e3907,洪宁
e3908,庄玉
e3909,袁畅
e3910,李桂荣
e3911,黄静
e3912,郭强
e3913,黄宇
e3914,董玉
e3915,张玉
e3916,田健
e3917,张金凤
e3918,贾建
e3919,李强
e3920,孙平
e3921,韩荣
e3922,宋洁
e3923,许明
e3924,马桂花
e3925,田勇
e3926,张伟
e3927,程秀云
e3928,林淑英
e3929,谢秀荣
e3930,刘芳
e3931,刘萍
e3932,陈帆
e3933,王颖
e3934,马凯
e3935,寇强
e3936,李东
e3937,杨宁
e3938,黎海燕
e3939,王建
e3940,蔡柳
e3941,王雪梅
e3942,张强
e3943,孙秀芳
e3944,阳秀珍
e3945,朱秀云
e3946,罗波
e3947,杨建国
e3948,马桂珍
e3949,黄玉
e3950,赵丹
e3951,莫金凤
e3952,陈鑫
e3953,王淑珍
e3954,崔明
e3955,刘桂英
e3956,袁娟
e3957,周颖
e3958,王秀珍
e3959,赖勇
e3960,阎岩
e3961,窦红霞
e3962,袁玉
e3963,张丽娟
e3964,古婷婷
e3965,范红霞
e3966,张亮
e3967,林玉
e3968,贾楠
e3969,常倩
e3970,王丽丽
e3971,张文
e3972,郭桂芝
e3973,周林
e3974,王华
e3975,陈娜
e3976,柴帆
e3977,许红
e3978,周敏
e3979,张柳
e3980,关想
e3981,林宁
e3982,杨斌
e3983,刘淑英
e3984,杜洋
e3985,晁杰
e3986,雷宇
e3987,林艳
e3988,姜冬梅
e3989,杨桂英
e3990,黄畅
e3991,程林
e3992,刘建华
e3993,廖桂珍
e3994,逯淑华
e3995,张梅
e3996,石颖
e3997,徐娟
e3998,赵玉英
e3999,何畅
e4000,申磊
e4001,樊颖
e4002,蒋文
e4003,张岩
e4004,周亮
e4005,梁秀荣
e4006,纪想
e4007,王刚
e4008,张玉兰
e4009,王霞
e4010,李凯
e4011,贾桂芝
e4012,雷亮
e4013,李宇
e4014,高琴
e4015,林鑫
e4016,李洋
e4017,简亮
e4018,秦琴
e4019,蔡磊
e4020,朱帅
e4021,何慧
e4022,丁峰
e4023,颜建华
e4024,刘辉
e4025,王梅
e4026,刘玉
e4027,杨宇
e4028,吕淑兰
e4029,刘英
e4030,冯平
e4031,赵桂芳
e4032,葛静
e4033,宋瑜
e4034,马志强
e4035,易欣
e4036,马刚
e4037,安建华
e4038,苏建军
e4039,王莹
e4040,张秀梅
e4041,廖英
e4042,宾婷
e4043,姚建华
e4044,高丽娟
e4045,董畅
e4046,段桂香
e4047,张俊
e4048,杨桂荣
e4049,张平
e4050,曹杰
e4051,周建国
e4052,章颖
e4053,张雪梅
e4054,陈建
e4055,孙红
e4056,陈帆
e4057,童丽丽
e4058,王俊
e4059,邓莉
e4060,卢晨
e4061,徐丽丽
e4062,阳莉
e4063,周秀珍
e4064,陈琴
e4065,汪楠
e4066,孙洁
e4067,张宁
e4068,黄云
e4069,黄明
e4070,张梅
e4071,徐飞
e4072,金丹丹
e4073,马建
e4074,黄龙
e4075,李玉英
e4076,梁琳
e4077,郑宁
e4078,韦凤英
e4079,陈晶
e4080,佘兵
e4081,唐磊
e4082,董利
e4083,马建华
e4084,施俊
e4085,王建华
e4086,李瑞
e4087,吴雪
e4088,郭峰
e4089,唐畅
e4090,杨军
e4091,蔡秀云
e4092,王柳
e4093,梁建
e4094,刘玉梅
e4095,万小红
e4096,乐春梅
e4097,阎强
e4098,宋淑兰
e4099,刘宇
e4100,朱平
e4101,周建国
e4102,林成
e4103,郝楠
e4104,王晨
e4105,黄丽娟
e4106,郭平
e4107,程磊
e4108,陈静
e4109,吴杨
e4110,戴秀华
e4111,张玉华
e4112,李建军
e4113,张利
e4114,夏伟
e4115,伍桂花
e4116,唐燕
e4117,朱浩
e4118,傅勇
e4119,杨桂兰
e4120,林桂英
e4121,王辉
e4122,蒋建
e4123,曹帆
e4124,黎红霞
e4125,陈秀荣
e4126,陈峰
e4127,张晶
e4128,周强
e4129,杨娜
e4130,阎秀芳
e4131,黄娟
e4132,司博
e4133,游峰
e4134,杜丽华
e4135,王俊
e4136,王超
e4137,陆勇
e4138,田丹
e4139,夏兵
e4140,张淑英
e4141,黄芳
e4142,赵玉
e4143,李丹
e4144,邓英
e4145,颜强
e4146,陈柳
e4147,李丽娟
e4148,蔺红梅
e4149,王雪梅
e4150,邱兰英
e4151,刘丽华
e4152,李华
e4153,周华
e4154,曾帅
e4155,吴欣
e4156,王刚
e4157,侯明
e4158,韩桂英
e4159,刘瑜
e4160,胡帅
e4161,张秀华
e4162,林荣
e4163,鞠丽
e4164,徐浩
e4165,黄倩
e4166,郑莹
e4167,蒋玉
e4168,李杰
e4169,石志强
e4170,涂博
e4171,徐峰
e4172,曾明
e4173,韦淑华
e4174,武荣
e4175,葛杨
e4176,刘淑兰
e4177,刘艳
e4178,蒋敏
e4179,王荣
e4180,申坤
e4181,李丽丽
e4182,邢楠
e4183,孙冬梅
e4184,高桂香
e4185,李雪梅
e4186,陈杰
e4187,李淑英
e4188,魏海燕
e4189,许洁
e4190,卢瑜
e4191,邓丹
e4192,周丽丽
e4193,王莹
e4194,杨浩
e4195,唐玉兰
e4196,舒婷婷
e4197,呼东
e4198,禹玉珍
e4199,刘志强
e4200,王秀荣
e4201,颜雷
e4202,贾勇
e4203,时丹
e4204,何利
e4205,林红
e4206,余杰
e4207,陈梅
e4208,傅俊
e4209,张秀芳
e4210,夏淑华
e4211,吴帅
e4212,杨艳
e4213,周磊
e4214,林勇
e4215,郭玉
e4216,李龙
e4217,余桂芳
e4218,秦飞
e4219,张瑜
e4220,周丽丽
e4221,黎英
e4222,许健
e4223,刘楠
e4224,高桂珍
e4225,阎桂兰
e4226,陈秀荣
e4227,李东
e4228,颜瑞
e4229,杨淑珍
e4230,林霞
e4231,刘华
e4232,董浩
e4233,张杰
e4234,邓丹
e4235,陈玉华
e4236,张桂香
e4237,詹霞
e4238,李春梅
e4239,李明
e4240,杨艳
e4241,刘丹
e4242,王桂芳
e4243,潘桂英
e4244,张桂荣
e4245,崔彬
e4246,裴志强
e4247,马刚
e4248,赵玉兰
e4249,宋龙
e4250,王楠
e4251,董军
e4252,刘建国
e4253,蒋莉
e4254,李柳
e4255,陈玉兰
e4256,周桂英
e4257,张超
e4258,陈坤
e4259,梁成
e4260,韩晨
e4261,王桂兰
e4262,李丽
e4263,李雪梅
e4264,徐燕
e4265,罗春梅
e4266,黄凤兰
e4267,刘桂珍
e4268,彭秀英
e4269,张鑫
e4270,郑凤英
e4271,尚秀芳
e4272,黄晶
e4273,吴丹
e4274,吴兰英
e4275,朱健
e4276,赵桂荣
e4277,罗浩
e4278,张柳
e4279,戴丽娟
e4280,董莉
e4281,林荣
e4282,彭秀珍
e4283,何红霞
e4284,马冬梅
e4285,徐晶
e4286,陶桂芝
e4287,赵淑华
e4288,吴荣
e4289,覃英
e4290,郑欣
e4291,刘岩
e4292,张建
e4293,杨志强
e4294,高明
e4295,王想
e4296,任平
e4297,薛桂芝
e4298,蒋婷婷
e4299,陈小红
e4300,岳洁
e4301,刘凤英
e4302,郭玲
e4303,朱龙
e4304,韦强
e4305,刘燕
e4306,张华
e4307,牛凯
e4308,张金凤
e4309,王淑华
e4310,陈淑珍
e4311,杨慧
e4312,黄琳
e4313,颜华
e4314,翁平
e4315,胡杰
e4316,陈兵
e4317,熊瑞
e4318,任磊
e4319,高艳
e4320,石兰英
e4321,杨静
e4322,唐丹
e4323,廖楠
e4324,李静
e4325,张帆
e4326,李秀珍
e4327,何红
e4328,戴秀珍
e4329,王超
e4330,郭伟
e4331,李云
e4332,徐磊
e4333,贾秀芳
e4334,梁鹏
e4335,龚欣
e4336,唐华
e4337,孟丽丽
e4338,徐秀梅
e4339,李春梅
e4340,王旭
e4341,曹桂香
e4342,徐华
e4343,方丹
e4344,宾鑫
e4345,张杰
e4346,杨亮
e4347,林琳
e4348,赖霞
e4349,张建平
e4350,吴海燕
e4351,雷霞
e4352,李小红
e4353,万玉英
e4354,余鹏
e4355,焦金凤
e4356,赖桂芝
e4357,邓桂珍
e4358,马利
e4359,兰畅
e4360,卢勇
e4361,陈萍
e4362,王鹏
e4363,郑兰英
e4364,单婷婷
e4365,江芳
e4366,杨婷
e4367,刘杨
e4368,田岩
e4369,谢桂芳
e4370,冯洋
e4371,苟秀荣
e4372,唐勇
e4373,张佳
e4374,黄刚
e4375,魏秀珍
e4376,周丽
e4377,潘建平
e4378,刘欣
e4379,丁强
e4380,沈云
e4381,黄秀珍
e4382,王建国
e4383,张琳
e4384,邸杨
e4385,姜淑兰
e4386,金秀珍
e4387,刘云
e4388,李秀英
e4389,刘帅
e4390,李强
e4391,秦琳
e4392,范坤
e4393,孟雪梅
e4394,朱丽华
e4395,贾冬梅
e4396,贾帆
e4397,费晶
e4398,刘玉兰
e4399,王萍
e4400,程芳
e4401,白坤
e4402,戴丽
e4403,孙丽
e4404,王超
e4405,李利
e4406,刘建军
e4407,何龙
e4408,陈杰
e4409,王玉
e4410,梁淑珍
e4411,程桂英
e4412,崔春梅
e4413,郭俊
e4414,李云
e4415,刘桂兰
e4416,李敏
e4417,杨婷
e4418,康丽丽
e4419,宋凤兰
e4420,郭晶
e4421,胡阳
e4422,徐利
e4423,杨坤
e4424,帅丽丽
e4425,樊慧
e4426,康玉珍
e4427,黄海燕
e4428,岳林
e4429,朱波
e4430,崔晨
e4431,陆桂兰
e4432,公秀芳
e4433,陈杰
e4434,公晨
e4435,李晨
e4436,马军
e4437,迟瑞
e4438,王瑞
e4439,郭璐
e4440,潘金凤
e4441,张文
e4442,翟文
e4443,唐娜
e4444,孙敏
e4445,潘欢
e4446,陈丽娟
e4447,陈丽丽
e4448,梁玉兰
e4449,王丽丽
e4450,何峰
e4451,鞠强
e4452,王龙
e4453,刘桂香
e4454,蔡莹
e4455,钟旭
e4456,梁冬梅
e4457,唐凯
e4458,张小红
e4459,朱秀荣
e4460,高桂花
e4461,原建军
e4462,褚畅
e4463,吕颖
e4464,都雪
e4465,张冬梅
e4466,贾帆
e4467,朱红梅
e4468,鲍斌
e4469,银雪
e4470,王杰
e4471,权雷
e4472,王玉
e4473,汪帆
e4474,姚云
e4475,游波
e4476,田磊
e4477,毛刚
e4478,叶欣
e4479,申秀梅
e4480,辜娜
e4481,王岩
e4482,刘秀兰
e4483,傅刚
e4484,刘坤
e4485,杨建军
e4486,黄志强
e4487,王岩
e4488,唐彬
e4489,丁晶
e4490,李健
e4491,查海燕
e4492,刘刚
e4493,刘辉
e4494,刘娟
e4495,张艳
e4496,张博
e4497,刘淑兰
e4498,夏春梅
e4499,陈建国
e4500,高春梅
e4501,冯瑞
e4502,李桂芝
e4503,张桂芳
e4504,曹飞
e4505,蒋丹丹
e4506,李慧
e4507,舒春梅
e4508,毛桂英
e4509,王云
e4510,周慧
e4511,王娜
e4512,李桂芳
e4513,王斌
e4514,侯建国
e4515,黄丹丹
e4516,季畅
e4517,甘阳
e4518,姚桂荣
e4519,徐春梅
e4520,徐小红
e4521,陈玉
e4522,苏冬梅
e4523,李淑英
e4524,邓静
e4525,王倩
e4526,王桂荣
e4527,邢博
e4528,黄峰
e4529,马桂芳
e4530,崔玉梅
e4531,游畅
e4532,张燕
e4533,杜斌
e4534,张婷
e4535,农倩
e4536,陈淑英
e4537,王志强
e4538,唐桂芝
e4539,李帆
e4540,李雪梅
e4541,周秀华
e4542,赵利
e4543,王坤
e4544,徐柳
e4545,张金凤
e4546,郝桂珍
e4547,胡秀兰
e4548,张淑华
e4549,江丹
e4550,孟丹
e4551,向玲
e4552,吴岩
e4553,郑刚
e4554,李宇
e4555,赵瑜
e4556,周瑞
e4557,钟桂珍
e4558,陈旭
e4559,田成
e4560,杨敏
e4561,贺梅
e4562,邱艳
e4563,胡娟
e4564,徐瑞
e4565,杨辉
e4566,王淑华
e4567,王建军
e4568,兰秀荣
e4569,吴佳
e4570,廖想
e4571,张洁
e4572,谢玉英
e4573,汤倩
e4574,张璐
e4575,黄佳
e4576,何红梅
e4577,孙瑞
e4578,傅玉珍
e4579,李莹
e4580,王强
e4581,杨浩
e4582,母东
e4583,王利
e4584,王凤英
e4585,杨丽华
e4586,王桂英
e4587,高东
e4588,方桂花
e4589,杨桂香
e4590,胡林
e4591,张坤
e4592,陈博
e4593,卢涛
e4594,王桂芝
e4595,郑桂花
e4596,冉峰
e4597,李帅
e4598,刘丽娟
e4599,傅丽
e4600,吴秀云
e4601,李瑞
e4602,雷博
e4603,赵伟
e4604,颜淑英
e4605,霍淑英
e4606,赵勇
e4607,彭旭
e4608,宾海燕
e4609,陈楠
e4610,王雪梅
e4611,杨峰
e4612,李建
e4613,廖玲
e4614,陈冬梅
e4615,王飞
e4616,张桂芝
e4617,陶峰
e4618,崔强
e4619,阎龙
e4620,李岩
e4621,萧强
e4622,李红梅
e4623,冯超
e4624,傅慧
e4625,方波
e4626,黄博
e4627,何楠
e4628,杨佳
e4629,陆云
e4630,张波
e4631,樊秀梅
e4632,宁欣
e4633,陈桂英
e4634,刘雪梅
e4635,王畅
e4636,周梅
e4637,马莉
e4638,王莹
e4639,王建
e4640,顾旭
e4641,颜桂英
e4642,李雪梅
e4643,岳淑兰
e4644,崔婷
e4645,陈杨
e4646,成博
e4647,李兰英
e4648,李艳
e4649,刘斌
e4650,胡勇
e4651,张秀英
e4652,刘金凤
e4653,唐帅
e4654,苏娟
e4655,王璐
e4656,李帅
e4657,刘佳
e4658,刘红霞
e4659,白桂花
e4660,戴明
e4661,潘玲
e4662,张玉珍
e4663,李伟
e4664,卢鹏
e4665,田晶
e4666,李春梅
e4667,毕雷
e4668,王丹
e4669,陈桂兰
e4670,萧文
e4671,罗璐
e4672,周玉珍
e4673,崔建华
e4674,邹小红
e4675,李成
e4676,丁桂荣
e4677,张娜
e4678,张红
e4679,王雪
e4680,魏丽丽
e4681,彭刚
e4682,吴婷婷
e4683,夏红梅
e4684,黄凤兰
e4685,王冬梅
e4686,吕岩
e4687,郑平
e4688,朱俊
e4689,耿成
e4690,张建军
e4691,何杨
e4692,王建华
e4693,朱婷婷
e4694,陈林
e4695,李春梅
e4696,乔俊
e4697,陈欢
e4698,金琳
e4699,李冬梅
e4700,李敏
e4701,王丽娟
e4702,张楠
e4703,陈红
e4704,王琴
e4705,杨想
e4706,邱凯
e4707,蒋杰
e4708,李淑兰
e4709,昝洋
e4710,欧桂花
e4711,徐杨
e4712,靳建国
e4713,吴海燕
e4714,陈建
e4715,何娟
e4716,张红
e4717,鞠晨
e4718,沈秀云
e4719,唐桂荣
e4720,廖健
e4721,杜慧
e4722,戴鹏
e4723,陈艳
e4724,周淑英
e4725,毛玲
e4726,林超
e4727,蒙小红
e4728,谭慧
e4729,余淑英
e4730,周红
e4731,邹金凤
e4732,赵宇
e4733,刘桂香
e4734,汤华
e4735,卢强
e4736,刘杰
e4737,王霞
e4738,韦倩
e4739,宋秀芳
e4740,赵建平
e4741,吴佳
e4742,邓俊
e4743,张玉
e4744,王冬梅
e4745,孟萍
e4746,李文
e4747,常辉
e4748,刘晨
e4749,刘倩
e4750,江利
e4751,高红霞
e4752,李海燕
e4753,田玉兰
e4754,沈敏
e4755,马莉
e4756,武春梅
e4757,吕莉
e4758,周洁
e4759,严丽
e4760,沈桂芝
e4761,张亮
e4762,黄凤英
e4763,王彬
e4764,马玉珍
e4765,许丽
e4766,吴雪
e4767,黄欣
e4768,姚志强
e4769,叶超
e4770,陈强
e4771,郑春梅
e4772,叶丹
e4773,廖燕
e4774,蔡慧
e4775,王辉
e4776,任慧
e4777,岳浩
e4778,李雪梅
e4779,张瑞
e4780,白东
e4781,张杨
e4782,刘佳
e4783,张亮
e4784,程辉
e4785,鞠丽华
e4786,施志强
e4787,李利
e4788,彭英
e4789,伍峰
e4790,侯明
e4791,鞠宇
e4792,黄欣
e4793,张桂荣
e4794,周芳
e4795,王淑珍
e4796,王芳
e4797,张强
e4798,杨红霞
e4799,王婷婷
e4800,胡华
e4801,刘建平
e4802,邹涛
e4803,李晶
e4804,顾桂兰
e4805,向婷
e4806,陶芳
e4807,宋刚
e4808,张华
e4809,康倩
e4810,成建国
e4811,李秀珍
e4812,魏帆
e4813,党辉
e4814,蒋桂英
e4815,陈勇
e4816,萧小红
e4817,周丽丽
e4818,蒋玉梅
e4819,王萍
e4820,王春梅
e4821,吴建平
e4822,孙梅
e4823,申淑兰
e4824,陶旭
e4825,李博
e4826,蔡畅
e4827,徐梅
e4828,陈洁
e4829,顾宁
e4830,徐俊
e4831,曾斌
e4832,郑东
e4833,马晶
e4834,柯龙
e4835,周秀芳
e4836,昝娟
e4837,张云
e4838,洪帆
e4839,黄鹏
e4840,张红梅
e4841,韩秀芳
e4842,刘红
e4843,莫俊
e4844,梁军
e4845,张平
e4846,张红霞
e4847,胡雪梅
e4848,张丽华
e4849,吴凤英
e4850,陈丹
e4851,熊帅
e4852,王萍
e4853,金峰
e4854,程静
e4855,宗霞
e4856,杨秀云
e4857,张娜
e4858,毛波
e4859,姜红
e4860,金萍
e4861,赖兰英
e4862,罗畅
e4863,赵荣
e4864,黄英
e4865,杨秀云
e4866,郭秀英
e4867,高丽丽
e4868,陶林
e4869,李桂芝
e4870,李强
e4871,陈婷
e4872,曹超
e4873,邓亮
e4874,吴辉
e4875,方岩
e4876,赵桂珍
e4877,宋刚
e4878,黎辉
e4879,伍晨
e4880,周洁
e4881,俞娜
e4882,李霞
e4883,张旭
e4884,吴艳
e4885,覃秀芳
e4886,朱玉梅
e4887,乔亮
e4888,戴淑珍
e4889,刘秀云
e4890,王雷
e4891,刘辉
e4892,谢颖
e4893,罗秀华
e4894,余莉
e4895,邱倩
e4896,潘梅
e4897,尹志强
e4898,王鹏
e4899,陈红霞
e4900,郑杰
e4901,张淑兰
e4902,庞帆
e4903,吴霞
e4904,汪海燕
e4905,李霞
e4906,苏柳
e4907,刁强
e4908,石秀梅
e4909,黄强
e4910,吴瑜
e4911,董莹
e4912,王林
e4913,黄凤兰
e4914,吕丽华
e4915,沈丽
e4916,李小红
e4917,石秀梅
e4918,陈春梅
e4919,黄明
e4920,林倩
e4921,姜秀珍
e4922,高瑞
e4923,王萍
e4924,刘畅
e4925,项玲
e4926,罗畅
e4927,姚秀梅
e4928,蔡淑兰
e4929,刘峰
e4930,阚琳
e4931,袁桂香
e4932,李柳
e4933,王淑华
e4934,宋鑫
e4935,萧龙
e4936,孟云
e4937,祝浩
e4938,汪玉珍
e4939,谢斌
e4940,何桂兰
e4941,秦璐
e4942,甘金凤
e4943,易娟
e4944,何海燕
e4945,孙桂兰
e4946,尚强
e4947,陈倩
e4948,刘想
e4949,席兵
e4950,谢秀兰
e4951,冀欢
e4952,刘娟
e4953,齐建
e4954,刘东
e4955,王伟
e4956,戴丹
e4957,屈璐
e4958,张淑英
e4959,陈玉梅
e4960,杨婷
e4961,陈志强
e4962,贺岩
e4963,杨梅
e4964,张春梅
e4965,刘慧
e4966,陈成
e4967,高雪
e4968,刘利
e4969,李娜
e4970,李博
e4971,黄文
e4972,解磊
e4973,林楠
e4974,张桂花
e4975,黄春梅
e4976,赵浩
e4977,王莉
e4978,高雷
e4979,孟明
e4980,谢丹丹
e4981,黄刚
e4982,马亮
e4983,安志强
e4984,杨桂香
e4985,曾秀荣
e4986,马平
e4987,黄淑英
e4988,李林
e4989,鄢敏
e4990,李华
e4991,史彬
e4992,庄亮
e4993,杜梅
e4994,罗晶
e4995,李桂芳
e4996,刘瑞
e4997,李英
e4998,胡琴
e4999,叶建
e5000,黄阳
e5001,梁浩
e5002,李春梅
e5003,高英
e5004,张倩
e5005,杨春梅
e5006,华岩
e5007,王凤英
e5008,周建
e5009,陶海燕
e5010,刘淑珍
e5011,王建军
e5012,黄婷婷
e5013,孙坤
e5014,王畅
e5015,陈飞
e5016,郑玉梅
e5017,王荣
e5018,杨桂香
e5019,丁丽娟
e5020,施秀珍
e5021,王桂英
e5022,袁欢
e5023,张刚
e5024,谢强
e5025,滕帅
e5026,王淑英
e5027,李慧
e5028,文文
e5029,熊志强
e5030,刁玉华
e5031,李鹏
e5032,程小红
e5033,冼金凤
e5034,杨成
e5035,梁秀英
e5036,周涛
e5037,王莉
e5038,王东
e5039,龙帆
e5040,殷玉兰
e5041,冯淑华
e5042,阎秀华
e5043,魏洁
e5044,卢宇
e5045,胡璐
e5046,康宇
e5047,邓浩
e5048,杨娟
e5049,郭桂荣
e5050,焦慧
e5051,张桂芝
e5052,张雪
e5053,潘欣
e5054,吕宇
e5055,王欣
e5056,彭玉兰
e5057,萧桂荣
e5058,卢杨
e5059,韦金凤
e5060,萧瑜
e5061,杨超
e5062,刘辉
e5063,王佳
e5064,廖文
e5065,李涛
e5066,张建平
e5067,陈红
e5068,陈文
e5069,方桂花
e5070,吴艳
e5071,彭金凤
e5072,张宁
e5073,高静
e5074,王建
e5075,彭博
e5076,吴彬
e5077,严红霞
e5078,许丹
e5079,袁凯
e5080,王春梅
e5081,姜玉珍
e5082,王勇
e5083,罗桂兰
e5084,许玲
e5085,黄琴
e5086,冷凤兰
e5087,陈莉
e5088,庞超
e5089,李娜
e5090,王淑华
e5091,高淑兰
e5092,唐艳
e5093,丁欢
e5094,邓丹
e5095,宋小红
e5096,张建平
e5097,张欢
e5098,张洋
e5099,曾想
e5100,王淑兰
e5101,陈欢
e5102,毛兵
e5103,阎平
e5104,李秀英
e5105,古秀芳
e5106,杨文
e5107,谢秀兰
e5108,杨艳
e5109,蔡杰
e5110,黄明
e5111,王龙
e5112,李雪梅
e5113,吕兰英
e5114,张玉兰
e5115,林秀梅
e5116,刘红霞
e5117,袁佳
e5118,曹琴
e5119,李伟
e5120,马梅
e5121,方雪梅
e5122,孙成
e5123,李华
e5124,赵明
e5125,李金凤
e5126,赵玉华
e5127,彭金凤
e5128,蔡玉珍
e5129,马桂香
e5130,高玲
e5131,杜淑华
e5132,陈强
e5133,樊玉华
e5134,张俊
e5135,王秀珍
e5136,朱雪
e5137,盛峰
e5138,叶健
e5139,任倩
e5140,梁建华
e5141,杨丽华
e5142,张玉华
e5143,谢红
e5144,萧明
e5145,王杰
e5146,张海燕
e5147,马阳
e5148,向强
e5149,贺平
e5150,刘萍
e5151,邵亮
e5152,孙平
e5153,刘秀珍
e5154,金静
e5155,李桂香
e5156,吕杨
e5157,蔡凤兰
e5158,康利
e5159,张飞
e5160,史桂英
e5161,段颖
e5162,赵桂兰
e5163,刘丽
e5164,王帆
e5165,黄明
e5166,沈军
e5167,陈玉珍
e5168,阳利
e5169,潘秀云
e5170,林彬
e5171,周玉华
e5172,张龙
e5173,张丽华
e5174,兰海燕
e5175,张浩
e5176,张旭
e5177,王艳
e5178,谷鑫
e5179,庄佳
e5180,王建军
e5181,胡雪梅
e5182,张静
e5183,杨桂芳
e5184,戴丽华
e5185,梁雷
e5186,左红梅
e5187,王桂花
e5188,施凤兰
e5189,何欣
e5190,郝杨
e5191,蔡博
e5192,刘磊
e5193,谢桂花
e5194,金柳
e5195,李倩
e5196,郑波
e5197,陈荣
e5198,王俊
e5199,张玉珍
e5200,凌强
e5201,梁丽
e5202,裴燕
e5203,陈金凤
e5204,路柳
e5205,张秀芳
e5206,娄兵
e5207,李玉华
e5208,薛淑英
e5209,蔡宁
e5210,刘文
e5211,张岩
e5212,陈超
e5213,凌桂花
e5214,徐秀芳
e5215,黄丹
e5216,柯斌
e5217,赵建平
e5218,张磊
e5219,孙英
e5220,崔凤英
e5221,聂燕
e5222,张成
e5223,傅璐
e5224,吴冬梅
e5225,张文
e5226,沈小红
e5227,龙勇
e5228,陈秀兰
e5229,周兵
e5230,赵博
e5231,石秀芳
e5232,张玉梅
